student_id,student_name,exam_date,subject,score,cheated,cheating_method,proctor_present,exam_duration_minutes,caught_cheating,penalty_points,student_behavior
1,Allison Hill,2024-07-06,History,38.80136586026961,0,None,0,30,0,0,Distracted
2,Noah Rhodes,2024-09-06,English,43.11490475849481,1,None,1,90,0,14,Calm
3,Angie Henderson,2024-02-11,Math,50.192005742601154,0,None,0,120,0,14,Nervous
4,Daniel Wagner,2024-07-26,Physics,17.52671762820226,0,None,0,90,0,11,Calm
5,Cristian Santos,2024-03-16,Biology,48.409042155171065,1,None,0,90,0,0,Calm
6,Connie Lawrence,2024-11-28,History,96.33822023316864,0,None,1,30,0,19,Distracted
7,Abigail Shaffer,2024-05-23,Math,21.87968850843639,0,None,0,120,0,15,Nervous
8,Gina Moore,2024-06-20,Math,42.59594139902577,0,None,1,30,0,0,Distracted
9,Gabrielle Davis,2024-04-14,Chemistry,3.545135385402687,0,None,1,90,0,8,Distracted
10,Ryan Munoz,2024-06-27,English,6.344388911662624,0,None,0,120,0,0,Overconfident
11,Monica Herrera,2024-03-31,Chemistry,94.74221837971331,1,None,1,90,0,7,Calm
12,Jamie Arnold,2024-04-16,History,94.23009469472389,0,None,1,120,0,3,Overconfident
13,Lisa Hensley,2024-01-31,English,31.083314508557237,0,None,0,30,0,19,Overconfident
14,Michele Williams,2024-10-10,Biology,69.3615271745302,0,None,0,30,1,0,Overconfident
15,Dylan Miller,2024-09-09,English,51.21068388149036,0,None,0,30,0,14,Nervous
16,Brian Ramirez,2024-02-09,English,77.77934881740796,0,None,1,30,1,0,Calm
17,Holly Wood,2024-05-13,Math,24.749139131741906,0,None,0,30,0,0,Calm
18,Derek Zuniga,2024-07-25,Physics,62.93998731012187,0,None,0,30,0,0,Distracted
19,Lisa Jackson,2024-12-29,Chemistry,37.73447300137241,0,None,1,60,0,0,Overconfident
20,Carla Gray,2024-08-11,Biology,95.96957392512053,0,None,0,90,0,0,Calm
21,Margaret Hawkins DDS,2024-07-29,English,98.37998874688358,1,Using notes,0,120,0,5,Nervous
22,Patty Perez,2024-11-11,Chemistry,7.416780649822908,0,None,1,120,0,0,Distracted
23,Ethan Adams,2024-11-03,History,40.44485556156959,0,None,0,120,0,9,Overconfident
24,Tommy Walter,2024-06-10,History,27.915971428410856,1,None,1,120,0,0,Distracted
25,Matthew Foster,2024-07-22,Physics,54.44801089707286,1,None,0,120,0,13,Calm
26,Judy Baker,2024-11-21,Math,80.34124576046489,0,None,0,60,0,0,Distracted
27,Justin Baker,2024-06-30,Biology,44.38686317222924,0,None,1,60,0,6,Calm
28,Stephanie Ross,2024-11-26,Chemistry,80.36310396720026,0,None,0,30,0,19,Calm
29,Zachary Hicks,2024-07-01,Biology,68.6305260178304,0,None,1,120,0,10,Overconfident
30,Anthony Rodriguez,2024-02-06,Math,8.31177221971463,0,None,1,90,0,0,Distracted
31,Rebecca Henderson,2024-12-04,Biology,31.380910131659,0,None,0,30,0,17,Distracted
32,James Ferrell,2024-09-26,Biology,82.5191806211042,0,None,1,30,0,13,Distracted
33,Tricia Valencia,2024-07-10,English,83.59313111032318,1,None,1,90,0,0,Nervous
34,Nathan Maldonado,2024-12-03,English,20.603920073685856,0,Mobile phone,0,90,0,14,Overconfident
35,Debra Davidson,2024-10-27,English,75.49669599585104,0,None,1,30,0,0,Calm
36,Jeffrey Chavez,2024-09-12,English,22.34539457279052,1,Whispering,0,120,0,0,Nervous
37,Sherri Baker,2024-08-23,Chemistry,16.781339921448335,0,None,1,120,0,17,Distracted
38,Cassandra Gaines,2024-02-22,Biology,3.8692266370681794,0,None,1,60,0,0,Distracted
39,Elizabeth Fowler,2024-10-12,English,40.22087365155021,0,None,1,90,0,2,Distracted
40,Brittany Farmer,2024-03-12,Chemistry,30.17159483323646,0,None,1,120,1,4,Calm
41,Paula Moreno,2025-01-03,English,54.967418203030114,0,None,0,30,0,11,Overconfident
42,Fred Smith,2024-12-29,Chemistry,14.839304866721415,1,None,0,120,0,0,Nervous
43,Sherry Decker,2024-10-30,Math,77.08489765927308,0,None,1,30,0,14,Overconfident
44,Anthony Humphrey,2024-02-24,English,73.98463649660825,0,None,0,60,0,8,Calm
45,Angelica Tucker,2024-06-11,Biology,68.9798665138848,0,None,1,60,0,15,Calm
46,Philip Cannon,2025-01-04,Physics,36.239855571161364,0,None,1,60,0,0,Nervous
47,John Pierce,2024-06-16,Biology,69.55592773363387,0,None,0,120,0,0,Calm
48,Shane Henderson,2025-01-08,English,31.911908253665523,1,None,0,60,0,0,Nervous
49,Joshua Blair,2024-08-25,English,18.855797571789836,0,None,1,30,0,0,Distracted
50,Eric Carney,2024-11-09,Biology,71.79926911718128,0,None,1,120,0,0,Distracted
51,Jessica Holmes,2024-04-12,Physics,34.85540888893982,1,None,1,30,0,19,Nervous
52,Danny Morgan,2024-12-07,Chemistry,43.81596594646206,0,None,0,90,0,0,Nervous
53,Crystal Robinson,2024-12-08,Math,41.264713185105364,0,None,0,60,0,0,Distracted
54,Mark Perez,2024-02-02,History,98.37848200805564,0,None,1,30,0,15,Calm
55,Shannon Jones,2024-05-30,Math,39.13916070572746,0,None,1,60,0,0,Overconfident
56,Michael Lewis,2024-06-02,Chemistry,96.63859060541576,0,None,1,120,0,11,Calm
57,Timothy Duncan,2024-05-07,Math,89.14614227045121,0,None,1,120,0,0,Overconfident
58,Richard Aguirre,2024-04-19,Biology,36.64550682751542,0,None,0,60,0,0,Calm
59,Brent Jordan,2024-06-24,Physics,86.0446882709293,1,None,1,60,0,0,Nervous
60,John Daniel,2024-11-23,English,62.11045003342876,0,None,1,60,0,1,Distracted
61,Victoria Garcia,2024-10-22,History,10.308279056941206,0,None,0,60,0,0,Distracted
62,Gerald Hensley,2024-08-24,Chemistry,42.15203682705303,0,None,0,30,0,17,Calm
63,Connor West,2024-07-18,Math,89.8538459057897,0,None,1,120,0,0,Distracted
64,Donald Wright,2024-06-10,History,48.097801637719584,0,None,0,90,0,6,Calm
65,Jessica Callahan,2024-06-08,History,24.286160451633133,1,None,1,60,0,5,Nervous
66,Amber Kidd,2024-03-03,History,13.694054046814042,0,Mobile phone,0,30,0,0,Nervous
67,Tracy House,2024-08-11,Biology,83.19247921663292,1,Mobile phone,1,60,0,2,Calm
68,Carol Tucker,2024-10-12,English,16.377370844450102,0,None,1,60,1,10,Calm
69,James Brown,2024-12-17,Math,35.251032892596655,0,None,0,30,0,18,Distracted
70,William Baker,2024-12-12,Math,78.61205882778884,0,None,1,90,0,0,Overconfident
71,Jordan Henderson,2024-08-01,English,69.19558951518678,0,None,1,30,0,19,Calm
72,Whitney Peters,2024-02-14,Physics,24.22672519349891,0,None,1,90,0,3,Distracted
73,Brittney Phillips,2024-04-22,Math,64.97726954428154,0,None,0,60,0,16,Overconfident
74,Lauren Daniels,2024-07-23,English,32.29890950056713,1,None,1,90,0,0,Calm
75,Amy Silva,2024-05-13,Chemistry,86.89866215423343,0,None,0,120,0,18,Calm
76,Sarah Moore,2024-06-07,English,21.062443524791675,1,None,1,90,0,0,Distracted
77,Angela Lopez,2024-05-28,History,95.52728750397802,0,None,1,60,0,10,Overconfident
78,Megan Young,2024-07-04,English,12.92027326521169,0,None,1,120,0,0,Nervous
79,Steve Sanchez,2024-08-18,Physics,66.47831604544187,0,None,1,60,0,13,Distracted
80,Lisa Barnes,2024-01-22,Chemistry,45.86193154178153,0,None,1,60,0,19,Distracted
81,Kelly Donovan,2024-04-18,Chemistry,47.63475298956526,1,None,1,60,0,0,Distracted
82,Mike Allen,2024-03-01,English,72.95478485903854,0,None,1,60,0,4,Overconfident
83,Michael Evans,2024-08-18,History,9.848865268087547,1,None,1,60,0,19,Overconfident
84,Paul Jones,2024-09-18,Biology,57.321669438306444,1,None,0,30,0,5,Nervous
85,Zachary Ferrell,2024-01-23,History,39.45188054038565,0,None,1,60,0,18,Overconfident
86,Daniel Baker,2024-11-29,History,93.75885849934575,0,Using notes,0,90,0,0,Distracted
87,Shirley Suarez,2024-05-09,English,71.16862964875222,0,None,1,30,0,0,Calm
88,Christopher Bass,2024-04-04,Biology,95.97302932045065,0,None,1,120,1,0,Calm
89,Lisa Archer,2024-10-07,Biology,68.06092362985238,0,None,0,90,0,3,Overconfident
90,Aimee Montoya,2024-12-11,English,92.84786300767598,0,None,1,30,0,2,Overconfident
91,Matthew Mcmillan,2024-12-02,Physics,57.10667268185673,0,None,1,30,0,19,Overconfident
92,Brian Rodriguez,2024-01-16,Math,24.898316640874196,1,None,0,30,0,0,Overconfident
93,Denise Jacobs,2024-11-03,English,28.148161602423894,0,None,0,30,0,11,Nervous
94,Christina Walters,2024-04-28,Physics,64.64129412149417,0,None,1,90,0,17,Overconfident
95,John Whitehead,2024-04-20,English,58.64594447796022,0,None,0,60,0,8,Nervous
96,Anna Henderson,2024-07-06,Physics,9.631075196303273,0,None,1,90,0,0,Calm
97,Aaron Wise,2024-09-19,Biology,30.435464751326368,0,None,0,30,0,0,Overconfident
98,Deborah Figueroa,2024-02-13,History,26.61579943723542,0,None,1,90,0,0,Distracted
99,Jessica Smith,2024-11-22,Chemistry,83.64988414372952,0,None,1,120,0,0,Distracted
100,Stephen Mckee,2024-02-27,History,70.80538927699895,0,None,1,30,0,16,Overconfident
101,Sandra Aguilar,2024-12-30,English,44.487451264721955,0,Copying from neighbor,0,120,0,15,Calm
102,Cameron Parker,2024-06-19,English,20.977899383421427,0,None,0,120,0,0,Calm
103,Rebecca Valencia,2024-11-06,Physics,41.22785226349478,0,None,0,90,0,0,Calm
104,Christine Wright,2024-04-16,Physics,44.297975025674695,0,None,1,60,0,0,Calm
105,Richard Henson,2024-06-09,History,81.42654306997586,0,None,0,30,0,0,Overconfident
106,Marc Moore,2024-09-01,Chemistry,84.6834045874463,0,None,0,120,0,15,Nervous
107,Sharon Cherry,2024-03-17,Chemistry,25.99767130725219,1,None,0,60,0,6,Overconfident
108,Sierra Johnson,2024-03-26,Math,27.0626956988535,0,None,1,120,0,9,Calm
109,Evelyn Galvan,2024-11-05,History,84.82757623801874,0,None,1,30,0,0,Distracted
110,Sharon Cochran,2024-10-06,Math,45.17865269254684,1,None,1,120,0,0,Overconfident
111,Richard Rodriguez,2024-10-12,English,68.06727625955675,0,None,1,90,0,9,Calm
112,Shannon Walker,2024-11-21,Biology,90.9027075719411,1,None,1,90,0,0,Nervous
113,Julia Torres,2024-11-04,Chemistry,38.76475763504271,0,None,0,30,0,19,Calm
114,Crystal Johnson,2024-07-15,Physics,47.18432194061221,0,None,0,60,0,8,Nervous
115,Garrett Lin,2024-03-07,History,72.32647457756435,0,None,0,120,0,6,Nervous
116,Diana May,2024-05-01,Math,97.20456877410206,0,None,0,30,0,10,Nervous
117,William Herrera,2024-07-12,Physics,77.62385202170076,0,None,0,60,0,17,Distracted
118,Ashley Waller,2024-02-27,History,91.6240948384437,0,None,1,60,0,18,Overconfident
119,Victor Baker,2024-11-15,Math,63.43479880958503,1,None,1,120,0,0,Distracted
120,Jeffrey Chandler,2024-11-25,Physics,27.29595821748032,0,None,0,120,0,0,Distracted
121,Larry Dixon,2024-01-19,English,11.46800292648843,0,None,1,30,0,0,Overconfident
122,Kenneth Scott,2024-03-19,Math,15.745367901144892,0,None,0,120,0,3,Calm
123,April Frost,2024-11-08,Chemistry,42.18788579995013,0,None,0,120,0,0,Distracted
124,Michelle Harmon,2024-11-10,Chemistry,62.33188893247623,0,None,1,60,0,6,Distracted
125,Helen Jones,2024-04-09,Biology,92.48978766375214,0,None,1,60,0,0,Nervous
126,Erin Edwards,2024-06-24,History,67.56936682743587,0,None,1,60,0,0,Distracted
127,Michelle Evans,2024-12-09,Biology,71.90899914714713,0,None,1,90,0,0,Distracted
128,Jason Powell,2024-09-22,English,83.6767237409194,0,None,1,30,0,9,Distracted
129,Cameron Fisher,2024-04-18,Biology,62.68844009219069,0,None,0,30,0,7,Distracted
130,Megan Orr,2024-11-05,History,44.736839692572005,0,None,0,60,0,0,Nervous
131,Elizabeth Kelley,2024-07-11,Math,62.977798315080435,0,None,1,120,0,3,Overconfident
132,Dustin Jordan,2024-08-28,Chemistry,8.872335316634395,0,None,0,90,0,6,Nervous
133,Mary Marshall,2024-02-23,English,41.02538438394241,1,None,0,60,0,0,Calm
134,Daniel Kennedy,2024-01-20,Chemistry,17.93830475887257,0,None,1,60,0,0,Calm
135,Rebecca Jackson,2024-05-24,Chemistry,69.95787843553416,0,None,0,90,0,15,Nervous
136,Jose Schultz,2024-08-13,Physics,48.33348656019041,0,None,1,60,0,0,Nervous
137,Robert Potter,2024-03-13,Math,54.031253263365976,0,None,0,60,0,0,Calm
138,Courtney Gonzalez,2024-11-22,Physics,9.90678506963183,1,None,0,120,0,13,Distracted
139,David Alvarez,2024-08-10,English,48.96463513391465,0,None,1,120,0,7,Overconfident
140,Angel Perry,2024-05-16,Chemistry,34.91769607323857,0,None,0,30,0,1,Distracted
141,Cheyenne Horton,2024-03-08,Biology,30.563054835431004,1,None,1,90,0,0,Calm
142,David Douglas Jr.,2024-12-01,Chemistry,86.82139078820967,0,None,1,30,0,0,Calm
143,Patricia Rodriguez,2024-10-09,English,38.22032854693946,0,None,1,60,0,0,Overconfident
144,Christopher Rubio,2024-09-17,Chemistry,7.484025499203106,0,None,1,30,0,0,Distracted
145,Amber Wright,2024-04-22,History,54.77600696275022,1,None,1,60,0,6,Overconfident
146,Joyce Solis,2024-05-29,History,70.30095300970497,0,None,0,60,0,0,Overconfident
147,Victoria Larson,2024-03-08,English,2.71549307267559,0,None,0,90,0,5,Nervous
148,Stephanie Salazar,2024-08-05,Biology,37.27369633869437,0,None,1,120,0,0,Overconfident
149,Kathy Rivas,2024-12-27,Math,13.036238427905655,0,None,0,90,0,10,Distracted
150,Stephanie Manning,2024-11-17,Math,81.64412993521397,1,None,0,90,0,2,Overconfident
151,David Wright,2024-09-01,Biology,55.767079426015684,0,None,0,120,0,0,Overconfident
152,Pamela Boyd,2024-09-13,Math,40.03299624734964,0,None,0,120,0,11,Overconfident
153,Denise Jones,2024-04-16,Math,80.15565133367379,0,None,0,60,0,8,Distracted
154,Devon Flores,2024-06-06,History,24.333186427525455,0,None,1,30,0,0,Nervous
155,Brenda Hall,2024-01-16,Biology,36.631616600110995,0,None,1,60,0,17,Nervous
156,Michelle Brown,2024-10-20,Biology,86.99841588684856,0,None,1,30,0,18,Nervous
157,Joshua Perry,2024-10-15,English,12.425860650782383,0,None,1,90,0,13,Distracted
158,Jason Stein,2024-01-12,Math,98.76506690458444,0,None,1,90,0,10,Distracted
159,Melissa Gates,2024-12-07,Chemistry,66.67421668452714,0,None,0,30,0,0,Overconfident
160,Jamie Smith,2024-09-01,Math,10.558969426084076,1,None,1,90,0,14,Overconfident
161,Paul Castaneda,2024-08-16,Chemistry,77.11339933676675,0,None,0,60,0,16,Distracted
162,Jennifer Adkins,2024-01-12,Math,90.20002151307352,1,None,0,60,0,0,Distracted
163,Lindsey Walker,2024-04-10,English,78.98449874504307,0,None,1,30,0,5,Overconfident
164,Jeffrey Johnson,2024-10-29,Chemistry,34.59996862399092,0,None,0,60,0,2,Calm
165,Michael Powell,2024-04-29,Chemistry,33.940364028785716,0,None,1,120,0,12,Overconfident
166,John Anderson,2024-12-27,Math,73.3037050890885,0,None,1,90,0,6,Overconfident
167,Alyssa Long,2024-08-31,Physics,38.559552302054136,0,None,1,90,0,5,Calm
168,Alyssa Day,2024-06-12,History,88.86375472897046,1,None,1,120,0,0,Distracted
169,Joel Williams,2024-05-25,Math,3.8776332422687076,0,None,0,60,0,0,Nervous
170,Daniel Murphy,2024-05-15,Math,45.18249134319314,0,None,0,120,0,0,Distracted
171,Jamie Walton,2024-04-10,Math,29.806548280445543,0,None,1,30,0,17,Overconfident
172,Darlene Miller,2024-06-27,Biology,72.74370018819397,1,None,1,60,0,0,Calm
173,Joshua Cooke,2024-09-12,English,10.33404791774285,0,None,0,30,0,0,Calm
174,Matthew Harrington,2024-11-05,Math,56.16976074186743,0,Whispering,0,60,0,13,Nervous
175,Nicole Herring,2024-06-02,Physics,2.141892785966948,0,None,1,30,1,0,Calm
176,Alex Hernandez,2024-02-15,Biology,50.76462466110794,1,None,0,60,0,0,Calm
177,Michael Elliott,2024-07-14,Math,55.918241755631726,0,None,0,60,0,0,Overconfident
178,Michael Wang,2024-09-07,English,52.818828017963405,0,None,0,90,0,0,Overconfident
179,Lawrence Adkins,2024-11-12,Physics,71.24939884631635,0,None,1,90,0,8,Calm
180,Robert Oconnell,2024-05-24,Math,61.7938568241283,0,None,0,90,0,19,Nervous
181,Alexander Collins,2024-09-01,Physics,53.35732361035404,0,Using notes,0,60,0,0,Overconfident
182,Tina Sanders,2024-08-18,English,26.7571022416078,0,None,0,90,0,2,Distracted
183,Angela Vaughn,2024-04-27,Physics,31.101509089752145,1,None,0,90,0,16,Distracted
184,Ashley Barton,2024-02-17,English,36.41740623877825,0,None,0,90,0,0,Overconfident
185,Lindsay Martinez,2024-02-01,Physics,61.33745175495089,1,None,1,60,0,0,Calm
186,Dr. Hannah Patterson,2025-01-04,Biology,31.830053609622233,0,None,0,30,0,0,Calm
187,Jonathan Peterson,2024-08-30,History,54.09307931330368,1,None,0,120,1,0,Nervous
188,Samantha Garcia,2024-11-19,Biology,97.52348575502103,0,None,1,120,0,5,Nervous
189,Madison Poole,2024-04-13,Chemistry,23.82356142595826,1,None,0,60,0,11,Calm
190,Jessica Gross,2024-09-25,Chemistry,76.83782003037426,0,None,0,30,0,0,Calm
191,Debra Morton,2024-11-30,English,33.17351140119105,0,None,0,30,0,11,Overconfident
192,Karen Graham,2024-04-27,Biology,71.59847960814754,1,None,1,120,0,9,Nervous
193,Debra Christian,2024-03-03,History,76.36185105075971,0,None,0,90,0,0,Nervous
194,Angelica Keith,2024-10-15,Chemistry,67.74545378307045,0,None,0,30,0,12,Overconfident
195,John Bishop,2024-12-03,Physics,48.55962422114709,0,None,0,120,0,0,Nervous
196,Allen Rosales,2024-10-29,Physics,34.852478257344785,0,None,1,60,0,17,Overconfident
197,Daniel Salinas,2024-10-28,Chemistry,15.51926880029475,1,None,1,120,0,0,Overconfident
198,Spencer Haynes,2024-08-15,Biology,79.93857267585173,0,None,0,90,0,0,Overconfident
199,Adam Vaughan,2024-09-06,Physics,62.64426799488299,0,None,1,120,0,0,Calm
200,Nathan Freeman,2024-09-14,History,57.62801730955616,0,None,0,30,0,8,Distracted
201,Melissa Brewer,2024-09-28,Chemistry,78.26020259906633,0,None,1,30,0,18,Calm
202,Ricky Davis II,2024-09-04,Physics,12.727955717258377,1,None,1,90,0,19,Distracted
203,Elizabeth Perkins,2025-01-08,Physics,82.38574857480265,0,None,0,90,0,5,Calm
204,Joseph Coleman,2024-04-12,Biology,13.206338260484884,0,None,1,30,0,9,Overconfident
205,Erin Warner,2024-06-10,English,24.590798708016127,1,None,0,120,0,0,Nervous
206,David Martinez,2024-05-30,History,90.81728289218844,0,None,1,120,0,1,Calm
207,Bryan Herrera,2024-01-21,English,16.32530790932798,0,None,0,30,1,0,Calm
208,Cathy Robinson,2024-09-24,History,97.8192393547576,0,None,0,60,0,0,Overconfident
209,Dr. William Warren,2024-08-05,Biology,70.9561967284052,0,Using notes,0,60,0,0,Distracted
210,Brian Lee,2024-03-18,Biology,32.33579432753341,1,None,1,30,0,0,Nervous
211,Christopher Smith,2024-09-30,Math,15.162234083029968,0,None,0,30,0,0,Calm
212,Denise Mccann,2024-03-30,Chemistry,81.31767025158405,0,None,0,120,0,14,Nervous
213,Melissa Martinez,2024-07-22,Math,95.20836440442008,0,None,1,120,0,12,Nervous
214,Katherine Salas,2024-10-22,Math,12.60371860498214,0,None,1,90,0,0,Calm
215,Julie Alexander,2024-12-05,Math,25.81065192906563,0,None,1,30,0,0,Nervous
216,Anthony Everett,2024-09-10,Physics,99.65606351726957,0,None,1,60,1,0,Overconfident
217,Rodney Morales,2024-07-12,Math,4.6648501643538065,0,None,0,30,0,2,Distracted
218,Mark Brown,2024-11-13,Math,9.30944076640582,0,None,0,30,0,14,Distracted
219,Justin Torres,2024-11-11,English,36.810571928046976,0,None,0,60,0,0,Nervous
220,Bailey Duran DDS,2024-11-24,English,50.87019694807654,0,None,1,120,0,0,Nervous
221,Courtney Mills,2024-03-15,Physics,61.15369790849603,1,None,1,60,0,0,Calm
222,Jeremy Dalton,2024-02-13,English,37.02316658182292,0,None,1,120,0,0,Calm
223,Elizabeth Oliver DDS,2024-02-24,History,40.67868135564917,0,None,0,30,0,0,Nervous
224,Theresa Clark,2024-04-12,Math,63.764673343910786,0,None,1,90,0,0,Distracted
225,Matthew Moore,2024-10-30,Biology,39.30002286565205,0,None,0,60,0,5,Overconfident
226,Benjamin Smith,2024-10-14,English,45.46387759022965,0,None,1,120,0,9,Nervous
227,Kirk Carter,2024-03-16,Chemistry,7.9822127953947275,0,None,1,90,0,0,Calm
228,Michael Warner,2024-09-13,English,15.098281700072302,1,None,1,60,0,0,Calm
229,Michael Bradshaw,2024-05-10,Chemistry,39.9229020245884,0,None,0,120,0,0,Overconfident
230,Lori Guerrero,2024-02-10,Chemistry,12.090228444008755,0,None,1,30,0,0,Calm
231,Jessica Stephens,2024-05-18,Math,75.84862123217569,0,None,1,30,0,0,Nervous
232,Susan Serrano,2024-10-07,Chemistry,61.70029140672227,0,None,0,90,0,0,Calm
233,Christopher Parker,2024-04-30,English,77.93490273572425,0,None,1,30,0,14,Distracted
234,Laura Roberts,2024-10-23,Chemistry,94.88649387881662,0,None,1,120,0,1,Distracted
235,Michael Lyons,2024-05-09,Physics,40.886506962873156,0,None,1,120,0,13,Distracted
236,Kathryn Snyder,2024-04-13,Chemistry,74.25061742244168,1,None,1,60,0,18,Overconfident
237,Andrew Reynolds,2024-04-25,Physics,27.146147131665522,0,None,0,30,0,8,Distracted
238,David Davis,2024-11-15,Chemistry,79.58879635582198,1,None,0,30,0,0,Calm
239,Sara Johnston,2024-06-29,History,0.3636096875588746,0,None,0,60,0,15,Distracted
240,Yvonne Chambers,2024-11-21,Math,78.96076543431315,1,None,0,120,0,0,Calm
241,Andrew Avila,2024-08-09,Physics,50.19926199028492,0,None,1,30,0,5,Calm
242,Matthew Moon,2024-12-19,English,53.59818145421209,1,None,0,90,0,0,Calm
243,Kevin Walters,2024-02-04,Chemistry,71.02474924624124,1,None,1,120,0,2,Nervous
244,Brandon Bailey MD,2024-11-29,Chemistry,81.680311505365,0,None,0,30,0,18,Nervous
245,Shannon Rivera,2024-07-10,History,41.91439904141506,0,None,0,30,0,0,Overconfident
246,Donna Landry,2024-11-21,Math,18.43509806090958,0,None,1,90,0,0,Distracted
247,Krista Gibson,2024-05-27,English,55.36130945314943,0,None,1,90,0,0,Nervous
248,Frank Cordova,2024-04-27,Biology,99.40831877647666,0,None,0,120,0,13,Nervous
249,Jose Travis,2024-01-28,English,79.98094030051938,0,None,1,120,0,0,Overconfident
250,Kimberly Gutierrez,2024-11-16,Biology,22.953841256136553,0,None,0,30,0,2,Calm
251,Isaiah Avila,2024-02-28,Chemistry,36.021289397717226,0,None,0,60,0,0,Distracted
252,Olivia Harris,2024-03-22,Math,18.93266328278993,1,Smartwatch,1,30,0,19,Overconfident
253,Tanya Kim,2024-06-06,Math,74.53925180526579,0,None,0,120,0,14,Nervous
254,Barbara Dudley,2024-08-04,History,88.90904485696788,0,None,0,120,0,0,Nervous
255,Cynthia Moore,2024-12-05,History,46.06792921251252,0,None,1,30,0,0,Nervous
256,Kristen Davis,2024-06-24,English,12.727158094072577,0,None,0,60,0,10,Nervous
257,Susan Murray MD,2024-05-03,Biology,16.622180178407607,0,None,1,30,0,0,Overconfident
258,Kathleen Moran,2024-09-26,Biology,44.96696118252053,1,None,0,120,1,0,Calm
259,Denise Davenport,2024-10-20,History,48.67320317966225,0,None,0,120,0,3,Nervous
260,Mrs. Kristen Reyes,2024-07-05,History,17.74230614957133,0,None,0,90,0,18,Calm
261,Katie Suarez,2024-08-26,History,35.09649469764066,0,None,0,30,0,0,Nervous
262,Desiree Tyler,2024-03-13,Biology,4.9279019307761125,0,None,0,90,0,12,Nervous
263,Timothy Romero,2024-08-28,Chemistry,37.19240526923493,0,None,0,60,0,2,Overconfident
264,Diane Evans,2024-01-10,Chemistry,92.2721461428431,0,None,1,60,0,0,Nervous
265,Yvonne Burns,2024-04-18,English,12.55359654886673,0,None,1,90,0,10,Overconfident
266,Joshua Reed,2024-10-13,Physics,80.68550547002563,0,None,1,60,0,0,Calm
267,Kimberly Gibson,2024-03-10,Physics,63.15606315899289,1,None,1,120,0,19,Overconfident
268,Colin Terry,2024-10-14,History,93.66660336812413,0,None,1,60,0,0,Nervous
269,Cynthia Rowe,2024-07-06,Physics,98.68944582333575,1,None,1,120,0,1,Overconfident
270,Patrick Thornton,2024-10-14,Physics,65.11093034581185,0,None,0,120,0,0,Calm
271,Jasmin Alvarado,2024-02-10,Chemistry,11.414181166258096,0,None,1,90,0,0,Nervous
272,Veronica Simpson,2024-08-20,English,91.68528437617567,0,None,0,120,0,6,Nervous
273,Jonathan Lawrence,2024-08-27,Biology,60.94269842106714,0,None,0,90,0,1,Nervous
274,Shelly Alexander,2024-06-04,History,32.64527347305509,0,None,0,60,0,14,Overconfident
275,Joyce Bowen,2024-12-27,Math,28.08885838514159,1,None,1,30,0,14,Distracted
276,Matthew Moore,2024-05-28,Chemistry,71.80110424389994,0,None,1,90,0,2,Overconfident
277,Wayne Morgan,2024-01-22,Biology,9.072849700925701,0,None,1,30,0,17,Calm
278,Marie Christian,2024-03-21,Chemistry,75.09584179964138,1,None,1,30,0,8,Nervous
279,Shannon James,2024-05-24,English,0.34195431746282257,1,None,0,90,0,0,Calm
280,Nathan Malone,2024-01-14,Math,95.92642638582495,0,None,0,30,0,0,Calm
281,Amanda Jones,2024-05-05,Math,4.632592527000123,0,None,1,30,0,0,Calm
282,Tammie Bright,2024-11-08,Chemistry,11.096293479976127,0,None,0,60,0,4,Nervous
283,Jessica Garcia,2024-03-18,Biology,75.63756439053752,0,None,1,60,0,11,Calm
284,Shelia Wallace,2024-09-12,English,74.4893076783,0,None,1,30,0,16,Calm
285,Stephanie Williams,2024-08-25,Physics,44.225000217992196,0,None,0,90,0,8,Nervous
286,Elaine Brooks,2024-04-09,Physics,16.988854064494095,0,None,0,60,0,19,Nervous
287,Joseph Knight,2024-09-18,History,97.28929463542319,1,None,0,120,0,0,Overconfident
288,Carolyn Miller,2024-05-14,Physics,65.19651073776899,1,None,0,90,0,0,Nervous
289,Lisa Allen,2024-02-25,English,51.63612033303505,0,None,1,60,0,0,Overconfident
290,Briana Murray,2024-05-28,Chemistry,54.74329579305651,0,None,1,30,0,11,Overconfident
291,David Smith,2024-08-11,Biology,4.687398465556358,1,None,0,60,0,8,Calm
292,Stephanie Byrd,2024-03-10,Biology,66.56277336469057,0,Mobile phone,1,120,0,0,Calm
293,Jeremy Reed,2024-11-05,English,27.367885242261725,0,None,1,120,0,18,Overconfident
294,Margaret Coleman,2024-04-27,History,57.84962139400345,1,None,0,90,0,0,Overconfident
295,Ryan Gonzalez,2024-04-24,Math,63.37485914762958,0,None,0,60,0,0,Calm
296,John Young,2024-10-01,History,33.05463507106274,0,None,1,30,0,13,Calm
297,Laura Haney,2024-08-14,English,51.264311535184525,1,None,0,120,0,2,Distracted
298,William Barrett,2024-05-11,Biology,18.848213283401584,1,None,0,90,1,1,Nervous
299,Keith Jennings,2024-11-28,History,36.746436258356916,0,None,1,60,0,0,Overconfident
300,Amber Obrien,2025-01-07,English,10.705514818625971,0,None,0,60,0,19,Overconfident
301,Tanner Mitchell DDS,2024-05-13,Biology,25.619245874639496,0,None,0,30,1,0,Nervous
302,Heather Fields,2024-12-03,Math,82.89032889753601,0,None,0,30,0,12,Distracted
303,Megan Le,2024-05-19,Math,70.56805559586685,0,None,1,30,0,6,Nervous
304,Sara Fuller,2024-03-17,Chemistry,20.948044430344325,0,None,0,60,0,0,Overconfident
305,Maria Parker,2024-12-20,Physics,54.68033963324454,0,None,1,60,0,11,Calm
306,Kevin Oconnor,2024-12-10,History,7.221273577464182,0,None,1,90,0,9,Distracted
307,Edward Burgess,2024-06-04,Physics,48.08313224528234,0,None,1,120,0,1,Calm
308,Carlos Ryan,2024-04-01,English,2.481707898965435,1,None,1,30,0,17,Calm
309,Kiara Mcintyre,2024-10-01,Physics,58.9518997244053,0,None,0,120,0,0,Overconfident
310,Dawn Summers,2024-02-26,Chemistry,96.34768680705052,1,None,1,30,0,0,Calm
311,Dr. Paul Morgan,2024-10-03,English,11.320312852346404,0,None,1,60,0,5,Overconfident
312,Victor Taylor,2024-08-11,History,0.8492030867946254,0,None,1,30,0,14,Calm
313,Shannon Ramsey,2024-03-10,Math,31.44010771950061,1,None,1,60,1,19,Calm
314,Tracy Ballard,2024-05-22,History,78.12868980332564,0,None,0,90,0,14,Calm
315,Richard Smith,2024-09-03,Biology,62.596195180859695,0,None,0,30,0,19,Distracted
316,Jordan Chambers,2024-01-22,English,54.4091800441456,0,None,1,60,0,0,Overconfident
317,Lauren Carson,2024-11-24,Biology,11.387032454912948,1,None,0,90,0,0,Calm
318,Ashley Hall,2024-04-11,Biology,21.05831619632713,0,None,1,120,0,2,Calm
319,Stephen Hoffman,2024-07-22,History,21.323519868352005,1,None,1,60,0,1,Calm
320,Connie Brown,2024-01-26,Biology,5.128960930849258,0,None,0,90,0,0,Calm
321,Susan Turner,2025-01-07,Physics,18.142002191467952,0,None,1,120,0,0,Distracted
322,Charles Shah,2024-09-07,History,44.643488949620334,0,None,1,60,0,5,Overconfident
323,Johnathan Davis,2024-09-04,Physics,61.72060123878772,0,None,0,90,0,0,Distracted
324,Brandy Chavez,2024-01-16,Biology,99.92580465223838,0,None,0,120,1,0,Overconfident
325,Natalie Bautista,2024-09-17,Biology,77.65688898009118,0,None,0,120,0,8,Nervous
326,Patrick Moore,2024-06-09,Math,62.57341048799279,0,None,0,60,0,16,Distracted
327,Brett Burns,2024-05-27,Physics,93.58488379406538,1,None,0,60,0,0,Overconfident
328,Trevor Johnson,2024-07-27,Physics,30.362049400796888,0,None,1,60,0,0,Nervous
329,Jeremy Sampson,2024-06-30,Physics,67.36118921098854,0,None,1,60,0,12,Distracted
330,Ariana Jennings,2024-03-05,History,89.41217993799371,0,None,0,120,0,2,Distracted
331,Vanessa Howard,2024-09-19,Physics,47.44262780593477,0,None,1,120,0,0,Overconfident
332,Colton Martinez,2024-08-26,Chemistry,0.18867099714424684,0,None,0,120,0,19,Calm
333,Jordan Bates,2024-04-28,Chemistry,20.87249613402452,1,None,0,90,0,0,Distracted
334,Linda Smith,2024-09-07,History,76.5651517268801,0,None,1,30,0,19,Distracted
335,Dana Martinez,2024-09-07,Physics,10.850013755222122,0,Mobile phone,0,90,0,0,Nervous
336,Andrea Hubbard,2024-04-16,Biology,58.07055467084125,1,None,0,120,0,0,Overconfident
337,Daniel Kane,2024-08-17,Biology,65.28233404738194,0,None,1,120,0,14,Overconfident
338,Charles Lester,2024-02-28,Math,95.37070951259132,0,None,1,30,0,18,Distracted
339,Scott Thomas,2024-11-08,English,29.606891672021483,0,None,1,90,0,0,Calm
340,David Thompson,2024-02-16,English,46.68512013088202,0,None,1,120,0,7,Overconfident
341,Allison Smith,2024-09-28,Chemistry,43.54631818410213,0,None,1,60,0,16,Nervous
342,Cynthia Morris,2024-02-21,Math,98.09142681240775,0,None,1,30,1,5,Distracted
343,Anthony Harmon,2024-02-19,Chemistry,23.04856695844959,1,None,0,90,0,17,Nervous
344,Nichole Alvarez,2024-02-16,Biology,86.86879977101955,0,None,0,120,0,16,Distracted
345,Kayla Rodriguez,2024-03-21,History,70.63783484006805,0,None,1,120,0,5,Nervous
346,Theresa Williams,2024-03-22,Chemistry,48.21769115003202,0,None,1,120,0,15,Calm
347,Sharon Boyd,2024-04-14,Biology,64.3768839064529,0,None,1,90,0,0,Nervous
348,Victor Brown,2024-07-18,History,6.702785858000282,0,None,1,60,0,0,Distracted
349,James Parks,2024-03-22,Biology,50.93603226755498,0,None,1,30,0,5,Calm
350,Theodore Jones Jr.,2024-09-22,History,38.72619029657034,1,None,1,120,0,17,Calm
351,Ana Hill,2024-04-26,Biology,13.215569306601827,0,None,0,90,0,0,Overconfident
352,Kimberly Nguyen,2024-01-23,English,67.62071271048539,0,None,0,30,0,0,Overconfident
353,Kerry Chavez DDS,2024-07-08,History,94.1806984209788,1,Mobile phone,0,30,0,0,Overconfident
354,Michael Farrell,2024-03-25,Math,85.86235923308186,0,None,0,60,0,0,Overconfident
355,Patricia Le,2024-12-15,History,54.856704975564305,0,None,1,120,0,19,Overconfident
356,Jesse Perez,2024-05-09,Chemistry,8.479519530750823,0,None,1,60,0,11,Overconfident
357,Jesse Perry,2024-01-10,History,37.14750864166165,0,None,0,120,0,10,Distracted
358,Jeffery Ortega,2024-09-10,Math,14.216980070764773,0,None,1,60,0,0,Nervous
359,Christian Leblanc,2024-12-05,History,43.32185059436138,0,None,1,30,0,2,Overconfident
360,Ronald Davis,2024-11-09,Biology,84.3571128917875,0,None,1,30,0,0,Nervous
361,Parker Cain,2024-09-09,Math,57.19580584616717,1,None,1,60,0,14,Distracted
362,Laurie Hoffman,2024-03-03,Math,73.01262663000198,0,None,0,90,0,0,Nervous
363,Bryan Gomez,2024-02-10,History,83.68356446480799,0,None,1,90,0,12,Overconfident
364,Nicole Parrish,2024-07-14,Math,60.78302977526424,0,None,0,90,0,0,Nervous
365,Tracy Burke,2024-09-29,Biology,67.53290456876991,0,None,0,30,0,8,Distracted
366,Kenneth Lewis,2024-02-15,History,51.1943144168291,0,Mobile phone,1,30,0,5,Overconfident
367,Courtney Rodriguez,2024-04-11,History,70.06736609696303,0,None,0,90,0,0,Distracted
368,Holly Farmer,2024-04-02,Biology,12.133743155471588,0,None,0,120,0,0,Nervous
369,Renee Bruce,2025-01-04,Chemistry,12.332122448936389,0,None,0,90,0,0,Calm
370,Sabrina Austin,2024-04-26,English,43.23703753452077,0,None,1,30,0,19,Distracted
371,Allison Hickman,2024-06-26,Biology,67.46039581082334,0,None,1,90,0,3,Overconfident
372,Debra White,2024-02-14,English,33.38121419056376,0,None,0,90,0,14,Distracted
373,Ellen Morgan,2024-03-12,Biology,80.08026614708973,0,None,1,120,0,0,Overconfident
374,Sergio Knight,2024-01-23,Chemistry,71.9526779480627,0,None,0,120,0,11,Overconfident
375,Charles Schultz,2024-04-24,English,7.54697383277697,0,None,0,120,0,8,Distracted
376,Paul Lewis,2024-10-28,Chemistry,8.547552817339954,0,None,0,30,0,0,Overconfident
377,Glen Wood,2024-05-02,Physics,64.94639030715598,0,None,1,120,0,0,Nervous
378,Paula Bradley,2024-10-05,English,8.115091875246073,1,None,0,120,0,0,Overconfident
379,Anthony Moore,2024-02-12,Chemistry,71.4173720329347,0,None,1,120,0,14,Overconfident
380,Megan Nelson,2024-10-12,Biology,45.49111751950616,0,Using notes,0,60,0,0,Calm
381,Karla Ramos,2024-01-25,Physics,53.99169743099927,0,None,0,30,0,11,Calm
382,Paul Wilson,2024-11-15,Biology,35.95490616806659,0,None,0,60,0,0,Nervous
383,Douglas Gregory,2024-09-07,History,63.004305591332546,1,None,1,120,0,0,Nervous
384,Mr. Andrew Foster,2024-03-11,Math,28.285218034569347,0,None,0,120,0,0,Calm
385,Aimee Turner,2024-05-18,English,63.03297507890681,0,None,1,120,0,19,Overconfident
386,Chad Scott,2024-06-17,Chemistry,8.312484663917562,0,None,1,30,0,0,Nervous
387,Adam Burgess,2024-08-23,Physics,88.97887142957377,1,None,0,60,1,0,Calm
388,James Padilla,2024-11-25,Physics,99.03123297699746,1,None,0,90,0,2,Overconfident
389,Sandra Drake,2024-02-12,History,2.8919901366752043,0,None,1,120,0,2,Calm
390,Scott Williams,2024-11-02,Chemistry,46.632495711383314,0,None,0,30,0,14,Overconfident
391,Thomas Atkins,2024-03-15,Physics,37.119446260622915,1,None,1,90,0,0,Distracted
392,Laura Mckinney,2024-06-03,Biology,24.164950981497636,0,None,0,60,0,0,Overconfident
393,Brian Smith,2024-12-26,Biology,63.165463373590704,0,None,1,90,0,0,Distracted
394,Robert Montgomery,2024-04-17,Math,60.09597041764739,0,Copying from neighbor,0,120,0,0,Nervous
395,Tamara Davis,2024-05-29,Physics,26.71263336017192,1,Using notes,0,90,0,8,Overconfident
396,Dana Chapman,2024-11-15,English,14.543637871358317,0,None,1,120,0,0,Calm
397,Jennifer Collins,2024-10-27,Math,43.68103808375592,0,None,0,120,0,1,Distracted
398,Gary Jackson,2024-09-02,Biology,86.76540086074147,0,None,0,120,1,9,Calm
399,Ashley Hicks,2024-10-26,English,8.585747229529817,0,None,0,60,0,16,Calm
400,Hannah Luna,2024-02-19,Biology,89.81190209346123,0,None,1,30,0,0,Calm
401,Robin Young,2024-09-19,Math,56.52734174207994,0,None,1,30,0,14,Overconfident
402,Craig Morrison,2024-01-30,English,27.05633729463852,0,None,1,90,0,0,Overconfident
403,Mary Thompson,2024-12-18,Chemistry,98.22335731666406,0,None,1,120,0,0,Nervous
404,Kathleen Webster,2024-03-07,English,21.200137102392603,1,None,0,60,0,0,Calm
405,Joann Glass,2024-06-09,Math,61.69446079478319,0,None,0,60,0,0,Nervous
406,Madison Weber,2024-08-12,History,2.701790526240888,0,None,1,120,0,13,Overconfident
407,Lori Hernandez,2024-10-28,History,19.279215120964476,0,None,0,60,0,0,Calm
408,Jeremy Turner,2024-09-13,Physics,6.821092423063169,0,None,1,60,0,0,Distracted
409,Anthony Romero,2024-03-15,Biology,85.4549588196657,0,None,0,60,0,0,Calm
410,Jesse Brown,2024-05-26,Biology,9.686158631701392,0,None,1,90,0,0,Nervous
411,Angela Lin,2024-05-19,Chemistry,21.15001920797329,1,None,1,60,0,13,Calm
412,Lisa Hunter,2024-01-19,Physics,43.08913559951583,0,None,0,90,0,0,Overconfident
413,Julian Conner,2024-09-15,Chemistry,41.02595244747602,0,None,0,120,0,0,Calm
414,Joanna Pacheco,2024-11-10,Physics,6.17780870357768,0,None,1,30,0,15,Distracted
415,Erica Alvarez,2024-12-30,Chemistry,94.29535022784098,0,None,1,60,0,0,Distracted
416,Antonio Garcia,2024-02-25,Math,0.994652259792661,1,None,0,30,0,3,Nervous
417,Gwendolyn Klein,2024-12-10,History,25.50148178237076,0,None,1,60,0,5,Distracted
418,Carrie Wright,2024-02-19,Chemistry,16.122558345318726,0,None,1,60,0,0,Calm
419,Jeffrey Mills,2024-06-07,Chemistry,27.861437195029993,0,None,0,90,0,0,Distracted
420,Jake Campbell,2024-01-25,Chemistry,86.95312522488639,0,None,0,90,0,1,Distracted
421,George Harper,2024-04-13,Physics,82.95180744749689,0,None,0,120,0,14,Distracted
422,Maria Jones,2024-05-03,Biology,40.44506164684536,1,None,1,90,0,0,Nervous
423,Michael Mitchell,2024-09-22,History,71.56220199361975,0,None,1,30,0,3,Nervous
424,Mary Escobar,2024-09-13,Math,10.384676587126673,0,None,1,120,0,0,Calm
425,Felicia Aguilar,2024-10-15,Biology,20.509994903163875,0,None,1,30,1,7,Overconfident
426,Gregory Ponce,2024-08-07,Chemistry,14.574332308059146,0,None,1,120,0,7,Overconfident
427,Jenna Larson,2024-08-02,Chemistry,24.639324642392236,0,None,1,90,0,0,Overconfident
428,Emily Bennett,2024-12-31,Math,86.54217137412935,0,None,0,60,0,1,Distracted
429,Robin Santiago,2024-09-10,Math,55.640259947713744,0,None,1,60,0,4,Calm
430,Nancy Jennings,2024-05-11,English,33.355779876213575,0,None,1,90,0,0,Overconfident
431,Maria Henderson,2024-07-18,Physics,88.33064261080227,0,None,1,30,0,10,Nervous
432,Jack White,2024-09-21,Biology,72.1236627592423,0,None,1,120,0,0,Calm
433,Travis Tucker,2024-02-12,Math,59.108084921796255,0,None,1,90,0,1,Distracted
434,Chad Jones,2024-09-07,English,95.14805319304067,0,None,0,120,0,0,Distracted
435,Ashley Wise,2024-04-08,Chemistry,54.34753993317383,1,None,0,120,0,19,Nervous
436,Sophia Johnson,2024-05-14,History,25.8546380288761,0,None,0,90,0,0,Calm
437,Ralph Anderson,2024-09-12,English,96.51765196186975,0,None,1,120,0,18,Nervous
438,Christopher Guerra,2024-05-28,Math,32.82861930948613,0,None,1,120,0,0,Distracted
439,Rhonda Martin,2024-11-11,English,71.06600701729812,0,None,0,60,0,16,Nervous
440,Jason Rhodes,2024-07-31,Chemistry,25.788040741211283,0,None,0,90,0,3,Calm
441,Jeremy Mitchell,2025-01-04,Physics,32.72290403760625,0,None,1,60,0,0,Calm
442,Joann Ferguson,2024-01-28,Chemistry,81.2053532134325,0,None,0,60,0,0,Distracted
443,Robert Harrison,2024-08-31,Chemistry,39.598855354618,0,None,0,120,0,18,Distracted
444,Holly Valentine,2024-03-06,English,25.703064762485518,0,None,1,90,0,0,Distracted
445,Mrs. Diane Reyes,2024-11-14,English,89.74124961858023,0,None,0,90,0,0,Overconfident
446,Tracy Montoya,2024-11-15,History,42.66037701358903,0,None,0,30,0,0,Overconfident
447,Brenda Wright,2024-11-22,Physics,25.229935650325817,0,None,0,120,0,15,Calm
448,Shelly Spencer,2024-02-05,Biology,23.401084401819784,0,None,0,60,0,0,Overconfident
449,Ryan Rosales,2024-07-06,Biology,73.97949169272307,1,None,1,60,0,4,Distracted
450,Phillip Nelson,2024-04-06,English,25.67770355751986,0,None,1,120,0,10,Distracted
451,Brittany Kim,2024-12-29,Math,3.528457802005125,0,None,0,60,0,0,Nervous
452,Courtney Hayes,2024-01-27,Math,99.15993102545325,1,None,1,30,0,0,Calm
453,Alexander Brown,2024-03-30,Math,88.67659873440836,0,Using notes,1,30,0,0,Calm
454,Cynthia Vang,2024-08-31,History,50.98760045614168,0,None,1,120,0,0,Calm
455,Alfred Galvan,2024-06-04,Physics,97.48195016975376,1,Mobile phone,1,30,0,0,Calm
456,Marie Moody,2024-04-04,Physics,39.81753098952496,0,None,0,90,1,10,Distracted
457,Dustin Gallegos,2024-06-25,Physics,4.851773163928463,0,None,0,120,0,6,Nervous
458,Brenda Thornton,2024-10-28,Biology,27.055268283530477,0,None,1,30,0,13,Nervous
459,Aaron Miller,2024-06-21,Chemistry,1.6940238736612878,0,None,0,90,0,13,Nervous
460,Ruben Dunn,2024-11-17,English,65.87327666289781,1,None,1,120,0,10,Overconfident
461,Kelsey Rodriguez,2024-06-20,English,32.249461352834395,0,None,0,120,0,0,Distracted
462,Eric Williams,2024-02-21,Math,86.89229337053858,0,None,0,60,0,0,Nervous
463,Riley Bryant,2024-07-09,English,34.762200339034365,1,None,1,60,0,17,Calm
464,Taylor Carlson,2024-09-04,Chemistry,12.033050081754181,0,None,0,60,0,0,Distracted
465,Jose Allen,2024-02-15,English,55.40690509578319,0,None,0,120,1,2,Overconfident
466,Jeffrey Mendez,2024-06-07,Biology,6.916156088391457,0,None,0,90,0,5,Nervous
467,Jason Beck,2024-07-30,Physics,32.77670395172257,0,None,1,120,0,0,Calm
468,William Jones,2024-01-09,History,39.47197244040499,0,None,1,60,0,0,Overconfident
469,Katie Mcneil,2024-02-11,Physics,10.866299978224491,0,Copying from neighbor,0,90,0,0,Nervous
470,Jeanette Harrison,2024-08-17,Biology,31.115937996317065,0,None,0,30,0,0,Distracted
471,Veronica King,2024-08-22,Math,46.83951590596636,0,None,0,30,0,15,Calm
472,Richard Cooper,2024-04-29,Physics,94.71524056482622,0,None,1,60,0,16,Nervous
473,Lori Ingram,2024-07-13,English,29.06275455216687,1,Smartwatch,1,120,0,0,Overconfident
474,Evelyn Williams,2024-03-24,Physics,12.440914650299629,0,None,1,120,0,0,Nervous
475,Robin Thompson,2024-09-10,History,60.95377679712944,0,None,0,90,0,6,Overconfident
476,Julie Dominguez,2024-12-21,Chemistry,22.23477414639692,0,None,0,90,0,3,Distracted
477,Robin Brown,2024-05-20,Biology,45.919041430931905,0,None,0,120,1,0,Calm
478,Judith Carter,2024-01-28,Physics,92.33537558999238,1,None,1,30,0,7,Overconfident
479,Curtis Williams,2024-03-30,Math,34.74472194691764,0,None,0,120,0,0,Calm
480,Kaylee Hays,2024-06-23,Biology,5.952834527182194,0,None,1,120,0,6,Distracted
481,Dawn Mullins,2024-08-01,History,79.78415314582499,1,None,0,90,0,19,Calm
482,Howard Norman,2024-08-22,Biology,37.015883113174574,0,None,0,30,0,0,Nervous
483,Evelyn Martinez,2024-06-30,Physics,14.735443915267465,0,None,0,30,0,0,Calm
484,Steve Paul,2024-09-05,Math,98.94337026632857,0,None,1,30,0,17,Distracted
485,Jasmine Beltran,2024-09-27,English,59.446350732261436,1,None,0,90,0,0,Calm
486,Jonathan Glass MD,2024-02-19,Math,37.7115823296029,1,None,1,90,0,0,Nervous
487,Monica Miller,2024-10-12,Biology,62.59628812747879,0,None,1,90,0,0,Distracted
488,Samantha Gardner,2024-03-30,Biology,91.04851101151579,0,None,0,60,1,12,Calm
489,Bobby Guerrero,2024-05-12,Biology,44.38214866231297,0,None,1,60,0,0,Distracted
490,Lance Simmons,2024-11-07,Chemistry,38.773242455415044,0,None,1,30,0,0,Nervous
491,Heather Williams,2024-12-26,Math,77.26359501338564,0,None,0,120,0,13,Distracted
492,Heather Bolton,2024-04-24,Biology,96.11342361899581,0,None,0,60,0,15,Nervous
493,William Gould,2024-07-18,Math,6.879173231658098,0,None,0,120,0,4,Nervous
494,Mark Cox,2024-09-21,History,37.02978233829397,0,None,1,30,0,17,Calm
495,Meghan Cisneros,2024-01-25,Biology,8.506061487657657,0,None,1,60,0,15,Calm
496,Lawrence Harrington,2024-03-09,Chemistry,78.99420956236747,1,None,1,60,0,12,Distracted
497,Austin Osborne,2024-02-29,English,57.46272566153642,0,None,0,90,0,10,Distracted
498,James Bradley,2024-09-27,History,61.353696575482296,0,None,1,90,0,0,Overconfident
499,Meghan Rush,2024-09-29,Chemistry,9.28136467353725,0,None,0,60,0,0,Overconfident
500,Phillip Berry,2024-02-17,Chemistry,49.89519583608827,0,None,1,90,0,0,Nervous
501,Jennifer Banks,2024-08-19,Math,71.94709996787103,0,None,0,90,0,14,Overconfident
502,Brian Fitzgerald,2024-03-17,Chemistry,47.176091247262306,0,None,0,90,0,17,Calm
503,Mr. Justin Green III,2024-12-14,Chemistry,94.49871175878948,0,None,0,120,0,17,Distracted
504,Zachary Mitchell,2024-05-31,Physics,47.35338234314474,0,None,1,60,0,6,Overconfident
505,Katherine Martinez,2024-06-24,Physics,22.735917344464397,0,None,0,30,0,0,Calm
506,Jodi Roach,2024-10-20,Math,34.68652762690062,0,None,1,30,0,7,Calm
507,Brandon Fleming,2024-09-27,Physics,18.587790733871966,0,None,1,90,0,2,Distracted
508,Emma Reed,2024-02-17,History,66.35837964034796,0,None,1,60,0,7,Calm
509,Joshua Vance,2024-06-08,Math,44.2284735358413,0,None,1,120,0,10,Calm
510,Michelle Ho,2024-12-13,History,58.33060041989586,0,None,0,30,0,19,Distracted
511,Rebecca Hicks,2024-11-10,Chemistry,67.24824935529297,1,None,1,120,0,17,Overconfident
512,Curtis Taylor,2024-08-11,Physics,79.44853079446904,0,None,1,120,0,0,Distracted
513,Allison Spencer,2024-10-17,Physics,95.90715190581021,0,None,1,60,1,0,Calm
514,Robert Arnold,2024-06-21,Math,12.303945807243377,0,None,1,60,0,0,Distracted
515,Angelica Parker,2024-09-05,English,95.90048913509777,1,None,0,60,0,0,Calm
516,Dr. Kelly Hammond DVM,2024-12-23,Physics,12.21307477049377,1,Copying from neighbor,1,30,0,13,Nervous
517,William Day,2024-02-27,Physics,23.268991829831,0,None,0,60,0,0,Overconfident
518,Michael Cooper,2024-07-09,Biology,43.47006656282154,1,None,1,120,0,0,Distracted
519,Penny Bowman,2024-07-21,Physics,99.66180956628786,0,Whispering,1,120,0,0,Distracted
520,Vincent Reynolds,2024-01-26,History,96.66899205972562,0,None,0,120,1,5,Distracted
521,Amy Martinez,2024-12-16,Physics,3.5698594730921185,0,None,1,30,0,0,Nervous
522,Christopher Morris,2024-11-11,Physics,68.32692288171546,0,None,1,60,0,10,Distracted
523,Hannah Everett,2024-07-03,Biology,78.08943926957328,0,None,1,90,0,15,Nervous
524,Sarah King,2024-07-13,English,35.083377987246266,0,None,1,30,0,0,Distracted
525,Krista Martinez,2024-12-11,History,71.34032534317313,1,None,1,30,0,0,Distracted
526,Joseph Shaw,2024-03-13,Biology,72.73582804145143,0,None,1,120,1,0,Nervous
527,Todd Moore,2024-08-07,Chemistry,49.13769485597026,0,None,1,60,0,0,Overconfident
528,Michelle Jacobs,2024-10-02,English,70.43978605363755,0,None,1,60,0,19,Overconfident
529,Kristy Bryan,2024-02-24,Chemistry,76.96108297584384,0,None,0,60,0,17,Overconfident
530,Angel May,2024-05-29,Biology,32.53935187424612,0,None,1,30,0,0,Nervous
531,Marilyn Wang,2024-08-15,Biology,21.57336380731598,0,None,1,30,0,17,Distracted
532,Mark Jimenez,2024-11-27,Physics,42.594237879708416,0,None,1,120,0,2,Overconfident
533,Donna Frye,2024-07-11,History,15.518210103641849,0,None,0,60,0,19,Nervous
534,Dr. Michael Evans,2024-05-28,Biology,30.731487779880574,0,None,0,30,1,2,Distracted
535,Anthony Gonzales,2025-01-01,History,57.707926510836636,0,None,1,120,0,0,Distracted
536,Mr. Lawrence Edwards,2024-12-09,Chemistry,30.435430367606987,1,Smartwatch,1,90,0,4,Distracted
537,Morgan Valencia,2024-10-14,Math,84.57828201287148,0,None,0,30,0,0,Distracted
538,Bianca Wood,2024-04-18,Physics,92.29766547427039,1,None,0,30,0,14,Calm
539,Emma Owens,2024-12-26,Math,94.72582450699775,0,None,1,90,0,0,Calm
540,David Davis,2024-12-29,Math,67.87747134210909,0,None,1,90,0,0,Overconfident
541,James Gilbert,2024-06-22,History,29.927989171777725,0,None,1,120,0,0,Distracted
542,Sean Moore,2024-02-26,English,21.6894221572697,0,None,0,60,0,16,Nervous
543,Kenneth Edwards,2024-06-08,Physics,67.0997541957822,0,None,0,90,0,0,Overconfident
544,Kathleen Robertson,2024-09-21,Math,45.61246330894818,0,None,0,30,0,17,Distracted
545,Mr. Alexander Landry MD,2024-10-08,History,21.883932979181942,0,None,1,90,0,0,Calm
546,Cindy Gomez,2024-04-27,History,9.238834340473757,0,None,0,30,0,0,Distracted
547,Johnny Khan,2024-09-21,History,93.10029632574637,1,None,0,30,0,0,Nervous
548,Julie Herrera,2024-11-19,Biology,24.800472711374177,0,None,0,120,1,12,Nervous
549,Jessica Khan,2024-09-25,History,10.232122491485285,0,None,1,30,0,6,Overconfident
550,Pamela Diaz,2024-12-16,History,90.59437830242747,0,None,1,30,0,0,Calm
551,Kelly Lee,2024-08-27,Math,75.47565821669484,0,None,0,90,0,17,Overconfident
552,Angel Gordon,2024-03-22,Biology,62.85301321749207,0,None,0,60,0,0,Overconfident
553,Diana Hays,2024-08-24,History,91.1202154403729,0,None,1,30,0,0,Distracted
554,Barbara Hester,2024-04-24,Chemistry,21.860013458329497,0,None,0,90,0,0,Distracted
555,Robert Morgan,2024-05-14,Chemistry,99.97962942402839,0,None,0,90,0,0,Calm
556,Nicole Gonzalez,2024-09-11,Chemistry,36.481989887606915,0,None,0,120,0,10,Overconfident
557,Kathryn Williams,2025-01-02,Biology,32.80569881536255,1,None,0,30,0,2,Calm
558,Gary Wells,2024-09-02,Chemistry,98.43351900928224,0,None,1,120,0,19,Overconfident
559,Larry Robertson,2024-12-24,English,86.57714052314664,0,None,1,30,0,17,Distracted
560,Louis Martin,2024-07-11,Math,31.02705280306789,0,None,1,60,1,0,Distracted
561,Nancy Evans MD,2024-09-19,History,17.031288649107257,0,None,0,60,0,0,Distracted
562,Kim Erickson,2024-05-05,Math,98.2273467757667,0,None,0,60,0,0,Calm
563,Robert Richardson,2024-02-20,Math,38.82031905892167,1,None,0,120,0,0,Calm
564,Veronica Silva,2024-05-16,Chemistry,7.159570177767205,0,None,1,120,0,0,Calm
565,Molly Watts,2024-07-02,Math,63.09221949456707,0,None,0,90,0,0,Distracted
566,John Coffey,2024-08-04,Biology,64.17915514498912,0,None,1,30,0,0,Distracted
567,Paula Lane,2024-09-09,Biology,99.28555849929077,1,None,1,60,0,0,Nervous
568,Lauren Jackson,2024-06-09,Biology,35.65663164359189,0,None,1,120,0,0,Nervous
569,Lisa Randall,2024-10-08,Math,74.41185863405178,0,None,1,30,0,7,Calm
570,Michael Johnson,2024-11-11,Physics,36.68601289972209,0,None,0,120,0,0,Overconfident
571,Ashley Smith,2024-04-22,Biology,26.323151936287047,1,None,1,60,1,6,Nervous
572,Christian Vaughn,2024-11-14,Math,77.32117923502054,0,None,1,30,0,18,Nervous
573,Reginald Knapp,2024-10-30,Chemistry,71.4147588935598,1,None,0,120,0,2,Overconfident
574,Nancy Brown,2024-07-18,History,40.95916983053128,0,None,1,120,0,0,Nervous
575,Daniel Nguyen,2024-01-18,Physics,62.541158842829425,0,None,1,90,0,10,Calm
576,Kelly Edwards,2024-03-02,Chemistry,1.6534609653346855,0,None,0,60,0,0,Overconfident
577,Thomas Peterson,2024-09-10,Chemistry,44.31820459975796,0,None,1,90,0,17,Overconfident
578,Raymond Le,2024-03-22,Biology,3.6543027713353715,0,None,0,30,0,0,Nervous
579,Melissa Bishop,2024-10-09,Chemistry,60.90916516757914,0,None,0,60,0,4,Overconfident
580,David Grant,2024-03-07,Chemistry,38.00886342068143,0,None,0,30,0,6,Calm
581,William Evans,2024-04-22,English,30.528879080463255,0,None,0,30,0,0,Distracted
582,Daniel Bush,2024-04-09,English,3.1469137297038485,0,None,1,60,0,13,Overconfident
583,Gregory Peck,2024-11-11,English,33.39792511147418,0,None,1,60,0,5,Calm
584,Denise Martinez,2024-09-17,Physics,13.937059754705716,0,None,0,30,1,0,Nervous
585,Jamie Baird,2024-04-26,Chemistry,38.720962292684526,0,None,0,90,0,0,Nervous
586,Tina Ballard,2024-10-10,Math,8.57255002477988,0,None,1,30,0,9,Nervous
587,Dwayne Klein,2024-01-20,English,58.471013857242724,1,None,1,30,0,0,Overconfident
588,Jeremy Scott,2024-11-01,Biology,7.052001744073122,0,None,0,60,1,10,Nervous
589,Dale Ryan,2024-02-15,Chemistry,71.37083742557883,0,None,1,60,0,6,Nervous
590,Melissa Taylor,2024-11-21,English,10.121773044286941,1,None,1,120,0,16,Distracted
591,Laurie Sanchez,2024-10-05,English,57.75233442779153,0,None,0,90,0,0,Calm
592,Kiara Little,2024-11-20,English,33.757555549168295,1,None,0,30,0,18,Overconfident
593,Jason Love,2024-10-06,English,87.09125227496892,0,None,0,120,0,1,Distracted
594,Randy Smith,2024-08-01,English,56.515465713844,0,None,0,120,0,0,Distracted
595,Tanya Russell,2024-04-04,Math,93.89014163090515,0,None,0,30,0,0,Overconfident
596,Sherry Woods,2024-10-22,Chemistry,5.620076528704077,0,None,1,30,0,0,Nervous
597,Victor Morris,2024-10-27,Physics,19.752173224097223,1,None,0,90,0,0,Distracted
598,Susan Davis,2024-04-23,Chemistry,43.24303977882017,0,None,1,60,1,11,Nervous
599,Kimberly Sharp,2024-09-08,Physics,48.55020269243641,0,None,1,90,0,13,Nervous
600,Susan Thompson,2024-12-13,English,58.632773771964466,0,None,0,90,0,11,Overconfident
601,Casey Gillespie,2024-05-29,Chemistry,34.07993940425772,0,None,1,120,0,5,Distracted
602,Jennifer Simpson DVM,2024-12-24,Biology,40.66604429926354,0,None,1,90,0,15,Calm
603,Tammy Mcdowell,2024-12-31,Biology,75.61163842899748,0,None,0,120,0,0,Overconfident
604,Keith Rodriguez,2024-05-02,Math,26.424373229721354,0,None,1,30,0,9,Nervous
605,Mrs. Virginia Daniels,2024-07-29,Biology,46.83211764488653,0,None,1,90,0,16,Calm
606,Todd Rosales MD,2024-01-13,Chemistry,68.59219527756693,0,None,0,120,0,0,Distracted
607,Brian Martin,2024-04-09,Math,86.06669518590526,0,None,1,60,0,1,Overconfident
608,David Lopez,2024-08-23,History,46.17772359809156,0,None,0,120,0,7,Calm
609,Rachel Bradley,2024-10-20,Math,23.791111439240954,0,None,1,60,0,0,Overconfident
610,Casey Chase,2024-11-22,Physics,73.35154239369206,1,None,1,90,0,19,Calm
611,Samantha Robertson,2024-11-07,Chemistry,11.61002169729498,0,None,1,60,0,0,Distracted
612,Michael Lopez,2024-12-07,Physics,10.897995663223758,0,None,0,60,0,3,Overconfident
613,Franklin Wright,2024-09-22,Physics,63.74634470648688,0,None,0,60,0,0,Calm
614,David Molina,2024-09-02,English,45.27972859774467,0,None,1,30,0,0,Nervous
615,Elizabeth Sharp,2024-10-11,Chemistry,1.4651901285753444,1,None,1,60,0,0,Distracted
616,Matthew Schwartz,2024-07-27,Chemistry,66.63915164540207,0,None,1,90,0,0,Distracted
617,Bryan Parker,2024-08-16,History,92.91526425550954,0,None,0,90,0,16,Calm
618,Jonathan Jacobson,2024-10-19,Biology,6.373048331751474,0,None,1,90,0,0,Distracted
619,Emily Wilson,2024-12-26,Physics,65.61034362259977,0,None,1,60,0,0,Nervous
620,Elizabeth Mendez,2024-04-25,English,45.76896593890568,0,None,1,90,0,0,Nervous
621,Casey Hernandez,2024-03-13,Chemistry,58.712310738002735,1,None,1,120,0,16,Distracted
622,Lisa Perry,2024-09-14,English,46.95231485494341,0,None,0,60,0,19,Calm
623,Kaitlin Medina,2024-03-17,English,4.693010586029633,0,Whispering,0,60,0,0,Nervous
624,Colleen Wright,2024-03-12,Biology,71.8244340598364,0,None,1,60,0,0,Overconfident
625,Shelley Miller,2024-07-15,History,83.23088802039629,0,None,1,60,0,0,Calm
626,Michael Miller,2024-05-26,Chemistry,10.842743003660305,1,None,0,90,0,12,Distracted
627,Amy Kelley,2024-06-13,History,19.270752421140912,0,None,0,120,1,14,Overconfident
628,Laura Hernandez,2024-07-30,Physics,50.98432504428517,1,None,1,90,0,1,Calm
629,Joseph Wilson,2024-02-25,History,76.98266676608873,0,None,1,60,0,0,Distracted
630,Kevin Davis,2024-08-09,Chemistry,60.122582911271614,0,None,0,120,0,1,Nervous
631,Rhonda Chavez,2024-04-11,English,15.162085785055757,0,Copying from neighbor,1,30,1,7,Calm
632,Joyce Brown,2024-05-08,Chemistry,54.76841211980403,0,None,0,90,0,0,Distracted
633,Robert Cummings,2024-09-24,History,53.45292397878628,0,Using notes,1,90,0,9,Distracted
634,Robert Reese,2024-03-05,Chemistry,27.508585073922763,0,None,0,30,0,0,Nervous
635,Amber Cooper,2024-03-05,History,4.772495164624113,0,None,1,120,0,19,Overconfident
636,Zachary Michael,2024-05-06,English,74.82709327274986,1,None,0,120,0,0,Calm
637,Timothy Johnson,2024-01-27,History,74.0229981217133,0,None,1,120,0,19,Overconfident
638,Randy Cannon,2024-12-15,Chemistry,5.207297312712356,0,None,1,60,0,0,Calm
639,Maria Fisher,2024-08-21,Chemistry,16.469485411805206,0,None,0,120,0,9,Overconfident
640,Janet Kane DVM,2024-09-07,Physics,21.108459297916394,0,None,0,30,0,0,Overconfident
641,Michael Stanley,2024-07-06,History,99.41527572762277,1,None,1,60,0,14,Overconfident
642,Martha Bailey,2024-08-05,Math,16.567223226533745,0,None,0,120,0,0,Distracted
643,Joshua Rice,2024-05-19,Physics,48.592204414837724,0,None,1,30,0,0,Calm
644,Courtney Smith,2024-10-21,History,23.685827137557524,0,None,1,60,0,0,Calm
645,Edwin Nunez,2024-05-04,History,37.965975117062186,0,None,0,90,0,0,Nervous
646,Kim Morrow,2024-03-29,Chemistry,20.36432375775119,0,None,0,60,0,0,Overconfident
647,Gregory Hill,2024-03-16,Math,33.35975680574715,1,None,1,90,1,14,Nervous
648,Molly Rodriguez,2024-02-02,History,45.14533443585421,0,None,1,60,0,0,Nervous
649,Jennifer Miranda,2024-07-11,Biology,66.97844373200115,0,None,0,120,0,0,Nervous
650,Alexis Harris,2024-06-09,History,22.59048893920098,0,None,1,90,0,6,Calm
651,Andrew Harper,2024-07-23,History,65.39746448471253,0,None,0,90,0,13,Nervous
652,Amber Yang,2024-02-11,Biology,47.1726900618338,0,None,1,120,0,0,Nervous
653,David Robinson,2024-03-29,Biology,24.299526302840057,1,None,1,90,0,1,Nervous
654,Amy Gordon,2024-03-27,Chemistry,37.60873521778741,1,None,1,60,0,14,Distracted
655,Robert Dennis,2024-05-09,Chemistry,1.5595675289405309,0,None,0,90,0,6,Distracted
656,Kyle Chambers,2024-05-20,Physics,64.32055030285878,0,None,0,60,0,13,Calm
657,Eric Thomas,2024-03-28,Math,93.99119978458356,0,None,1,60,0,1,Calm
658,Connie Turner,2024-10-10,Biology,96.63918629545684,0,None,0,120,0,18,Overconfident
659,Travis Hobbs,2024-07-21,English,61.89786177821526,0,None,1,60,0,16,Calm
660,Lori Simmons,2025-01-07,Biology,11.069545162928108,0,None,0,30,0,0,Nervous
661,William David DDS,2024-11-05,History,46.039512023081684,0,None,1,60,0,10,Calm
662,Emma Butler,2025-01-02,Physics,51.47924190243807,0,None,1,90,0,0,Overconfident
663,James Webster,2024-01-12,Chemistry,25.37614585478689,0,None,1,90,0,0,Calm
664,Samuel Turner,2024-09-09,Math,29.694330347375843,0,None,1,30,0,11,Nervous
665,Renee Melendez,2024-06-20,Biology,21.173555178452986,1,None,0,90,0,17,Calm
666,Tracy Grant,2024-12-05,Physics,22.290648550473502,0,None,0,30,1,0,Overconfident
667,David Harris,2024-08-20,History,87.63494067724594,1,None,0,30,0,15,Distracted
668,Tammy Boone,2024-08-23,History,82.69543458834653,0,None,0,60,0,0,Calm
669,Nathaniel Lee,2024-12-24,Biology,52.63361922853485,0,None,0,30,1,4,Nervous
670,Michael Morrison,2024-09-14,Biology,53.03608099329264,0,None,1,30,0,0,Distracted
671,Chelsea Gill,2024-05-05,Chemistry,18.953168755680316,0,None,0,30,0,17,Nervous
672,Kristin Mendoza,2024-12-09,Physics,51.28145364058957,0,None,1,60,0,0,Distracted
673,Felicia Krueger,2024-12-19,Chemistry,73.20114217741043,0,None,1,120,0,0,Overconfident
674,Timothy Hayden,2024-05-29,Physics,16.760339497836586,0,None,1,120,0,0,Overconfident
675,Zachary Mendoza,2024-07-24,Math,16.404315503107302,0,None,1,30,0,2,Overconfident
676,Larry Harris,2024-04-21,History,3.551641148426843,1,None,1,60,0,14,Overconfident
677,Kristen Rowe,2024-12-07,English,28.854573426923768,0,Using notes,1,90,0,0,Calm
678,Joseph Howard,2024-11-04,Chemistry,62.64995448078725,0,None,1,120,0,4,Distracted
679,Jose Crawford,2024-05-25,Math,36.97932569203839,0,None,1,30,0,18,Calm
680,William Harrison,2024-10-28,Chemistry,93.02018858452044,0,None,0,90,0,15,Overconfident
681,Suzanne Wood,2024-06-20,Chemistry,17.996583631191832,1,None,0,120,0,8,Nervous
682,Justin Walker,2024-01-25,Chemistry,9.639278526724004,0,None,0,60,0,0,Overconfident
683,Dean Donovan,2024-12-02,Physics,18.000263676042415,0,Using notes,1,30,0,5,Nervous
684,Jennifer Hernandez,2024-03-19,Physics,75.37727354783482,0,None,1,30,0,15,Overconfident
685,James Whitaker,2024-07-15,Biology,76.83287211431762,1,None,1,30,0,0,Distracted
686,Mr. Michael Scott PhD,2024-12-21,Math,67.67412188836921,1,None,0,30,0,0,Distracted
687,Maria Henry,2024-03-10,Physics,35.2494189466234,0,None,0,90,0,0,Distracted
688,Robert Jackson,2024-12-23,Math,98.60683228770198,0,None,0,30,0,4,Nervous
689,Katherine Stark,2024-07-23,Math,50.66263386398893,0,None,1,120,0,7,Nervous
690,Maria Brown,2024-01-11,Physics,36.75855482456162,0,None,0,30,0,11,Nervous
691,Ryan Landry,2024-02-01,Chemistry,22.83779038244026,0,None,0,30,0,15,Calm
692,Pamela Gutierrez,2024-09-10,Math,57.764673477119764,1,None,0,60,0,14,Distracted
693,Crystal Mann,2024-10-18,History,3.238815438120435,0,None,0,90,1,0,Overconfident
694,Jonathan Brooks,2024-11-20,Physics,48.98037427092314,0,None,1,30,0,15,Overconfident
695,Mary Jensen,2024-06-12,English,53.73531654954655,0,None,1,30,0,3,Distracted
696,Mr. Aaron Arnold,2024-02-16,Biology,90.52131972370012,0,None,1,60,0,0,Nervous
697,Joseph Hill,2024-07-23,Chemistry,47.81597803524724,0,None,1,30,0,19,Distracted
698,Alicia Li,2024-09-22,History,59.86121243673871,0,None,0,90,0,17,Overconfident
699,Renee Browning,2024-12-31,Physics,5.509454409483816,0,None,0,120,1,0,Nervous
700,Brent Hernandez,2024-10-18,Physics,5.006648991937257,0,None,1,120,0,19,Distracted
701,Joseph Ochoa,2024-09-01,English,45.779450183869145,0,None,0,120,0,5,Calm
702,James Watson,2024-12-17,Physics,53.503034516379714,0,None,1,90,0,18,Overconfident
703,Karl Branch,2024-10-08,History,44.78196684062081,0,None,1,30,0,0,Distracted
704,Michael Abbott,2024-03-05,Biology,28.916909527486546,1,None,1,60,0,3,Calm
705,Shannon Malone,2024-06-25,History,86.75884123863725,1,None,1,30,0,0,Overconfident
706,James Tran,2024-05-09,Chemistry,86.02460654381689,1,None,0,120,0,10,Overconfident
707,Adam Jackson,2024-02-10,Chemistry,93.77040364736699,0,None,1,30,0,5,Distracted
708,Mr. Richard Knight PhD,2024-01-28,Chemistry,43.993733431021695,0,None,1,30,0,0,Overconfident
709,Joseph Williams,2024-10-25,History,42.32181369384338,0,None,1,60,0,9,Overconfident
710,Sean Clay,2024-07-31,Chemistry,37.438291112637756,0,None,1,60,0,0,Calm
711,Anthony Jones,2024-08-06,English,71.55566384944892,0,None,1,90,0,7,Distracted
712,Stephanie Elliott,2024-04-01,Physics,7.4832689712579725,0,None,1,90,0,16,Distracted
713,Timothy Edwards,2024-04-12,Chemistry,88.18235062940619,1,None,0,30,0,11,Nervous
714,Laurie Goodwin,2024-05-30,Math,95.20930630885255,0,None,0,120,0,0,Calm
715,Jennifer Jones,2024-08-26,Biology,32.664445803042554,0,None,1,120,0,0,Distracted
716,David Davenport,2024-06-15,Math,52.270784132615134,0,None,0,120,0,0,Distracted
717,Steven Rivera,2024-01-15,English,46.32106642755861,0,None,1,60,0,0,Distracted
718,Brenda Hinton,2024-09-11,Physics,29.627331850714423,1,None,0,120,0,0,Calm
719,Kathryn Mccann,2024-07-22,Math,30.984364243797224,0,None,0,120,0,0,Calm
720,Jeffrey Roberson,2024-08-30,Biology,9.158470894865022,1,None,0,30,1,6,Distracted
721,Randy Friedman,2024-08-22,Biology,18.792320830206332,0,None,0,30,0,14,Calm
722,Raymond Johnson,2024-10-11,Chemistry,45.770576986144796,0,None,0,30,0,18,Distracted
723,Willie Henry,2024-08-10,Chemistry,29.069262297571484,0,None,0,60,0,0,Overconfident
724,Todd Reynolds,2024-09-21,Biology,93.90010171758945,1,None,1,120,0,6,Distracted
725,Mary Miller,2024-02-04,English,84.62143945534095,0,None,1,120,0,0,Calm
726,Rebecca Marquez,2024-12-13,Biology,39.3820190976076,1,None,1,30,0,0,Calm
727,Christian Dawson,2024-02-16,Physics,3.0640506622752417,0,None,1,60,0,0,Calm
728,Nancy Stewart,2024-10-23,Chemistry,49.18522584844639,0,None,0,90,0,0,Calm
729,Aaron Parker,2024-04-28,Chemistry,56.171272008924674,0,None,0,90,0,0,Nervous
730,Derrick Anderson,2024-02-09,English,73.95295267593256,0,None,1,90,0,16,Overconfident
731,Jerry Peters,2024-10-15,Physics,4.812147497121333,0,None,0,90,0,11,Overconfident
732,Alexander Gomez,2024-06-17,Physics,24.314990712865736,0,None,0,90,0,0,Overconfident
733,Kyle Nguyen,2024-06-01,Math,48.46866310934942,0,None,1,90,0,14,Nervous
734,Edgar Hughes,2024-09-06,Physics,15.16690432591571,0,Copying from neighbor,1,60,0,0,Calm
735,Steven Stein,2024-06-30,History,17.26747910687272,1,None,0,90,0,11,Overconfident
736,Laura Jackson,2024-07-22,English,71.96597816824443,1,None,1,30,0,5,Calm
737,Charles Turner,2024-02-27,Chemistry,1.927628817061977,0,None,1,30,1,0,Distracted
738,Arthur Hamilton MD,2024-05-31,Math,62.842059628479795,0,None,1,60,0,6,Calm
739,Mr. David Wright,2024-10-26,English,0.15711586621744988,0,None,1,120,0,0,Nervous
740,Linda Gonzalez,2024-07-26,Biology,56.1368600062116,0,None,1,30,0,18,Overconfident
741,Eric Rush,2024-12-25,Chemistry,57.60204640155392,0,None,1,120,0,3,Nervous
742,Manuel Brock,2024-03-01,History,86.00684411313334,0,None,1,90,0,0,Calm
743,George Ochoa,2024-09-12,Physics,18.97181032176953,0,None,0,30,0,0,Distracted
744,Valerie Taylor,2024-12-08,Physics,54.427796364337745,0,None,1,90,0,16,Calm
745,Travis Harris,2024-10-25,Chemistry,51.22455609112819,1,None,0,30,0,0,Nervous
746,Vincent Novak,2024-10-01,History,90.45235266358449,1,None,0,90,0,0,Overconfident
747,Michael Henry,2024-05-24,Chemistry,69.75522135191802,1,None,1,30,0,0,Distracted
748,Dana Bennett,2024-12-21,English,68.58201980218384,0,None,1,90,0,0,Overconfident
749,Jenna Wilson,2024-07-29,Physics,36.69591957483678,0,None,0,60,0,18,Calm
750,Leslie Gardner,2024-07-30,Chemistry,18.18700985672298,0,None,0,90,0,19,Calm
751,Krista Benton,2024-02-23,English,39.22071715316153,1,None,0,90,0,19,Overconfident
752,Michael Gonzales,2024-01-10,Physics,64.69661345029208,0,None,1,30,0,2,Overconfident
753,Michael Fuentes,2024-08-14,Chemistry,8.183531616908068,0,None,1,60,0,1,Overconfident
754,Jennifer Porter,2024-07-23,Chemistry,97.2008961042904,0,None,1,90,0,13,Nervous
755,Dana Hopkins,2024-12-20,English,86.29586355243396,0,None,0,90,0,17,Calm
756,Rachel Jones,2024-04-29,Biology,31.58342385530587,0,None,0,90,0,16,Calm
757,Karen Morales DDS,2024-10-08,Biology,54.06765598742807,0,None,0,60,0,0,Calm
758,Melissa Stephens,2024-12-04,Biology,99.29809619267115,0,None,1,120,0,19,Nervous
759,Heather Woodard,2024-05-13,English,9.085748613063682,0,None,0,30,0,14,Calm
760,Margaret Miller,2024-06-08,Math,66.32084206684999,0,None,0,90,0,0,Overconfident
761,Mary Kelly,2024-09-01,History,37.113282210068434,0,None,0,120,0,0,Distracted
762,Amanda Terrell,2024-07-14,Chemistry,37.89271723819362,0,None,1,30,0,4,Overconfident
763,Jennifer Goodwin,2024-03-07,Physics,94.91527074351951,0,None,1,60,0,19,Distracted
764,Jessica Smith,2024-03-29,Biology,99.12509409151313,0,None,0,90,0,19,Distracted
765,Jorge Stone,2024-11-09,Physics,18.432273034965718,0,None,0,90,0,1,Distracted
766,Laura Griffin,2024-03-20,Physics,63.04941290108841,1,None,0,120,0,0,Distracted
767,Raymond Chapman,2024-03-15,Math,87.9227214296766,0,Using notes,0,120,0,5,Overconfident
768,Haley Johnson,2024-10-27,Biology,90.65052137935443,0,None,0,60,0,0,Calm
769,Jason Nixon,2024-11-15,English,98.0503989260915,0,None,1,120,0,14,Calm
770,Todd Thomas,2024-11-15,Math,47.36362512458571,0,None,1,30,1,0,Calm
771,Jesse Clark,2024-12-15,Chemistry,93.64549229337123,0,None,1,60,0,0,Calm
772,Mr. Jeffrey Horton,2025-01-06,English,65.33645417278548,1,None,1,120,0,0,Calm
773,Eric Patrick,2024-06-25,Biology,23.571929070901742,0,None,1,120,0,16,Overconfident
774,Samuel Wong,2024-07-28,History,46.15090735902729,0,None,1,120,0,4,Overconfident
775,Carly Riggs,2024-04-24,Math,18.66708560515792,0,None,0,60,0,0,Nervous
776,Christopher Moore,2024-02-02,Biology,63.8720116979963,0,None,1,90,0,18,Calm
777,Tina Hall,2024-02-13,English,86.09864897209482,1,None,0,90,0,0,Calm
778,Cody Davidson,2024-09-30,English,25.138011868840337,0,None,0,90,0,13,Calm
779,Allen Mendez,2024-07-05,History,61.54904629522441,0,None,0,120,0,0,Overconfident
780,Kevin Price,2024-05-09,History,51.98839038999784,1,None,1,120,0,0,Calm
781,Christine Goodwin,2024-02-24,English,25.20957606548975,0,None,0,120,0,1,Overconfident
782,Amy Garcia,2024-09-04,History,44.89807187913052,0,None,0,90,0,2,Nervous
783,Chelsea Nguyen,2024-02-14,Math,21.276027527302034,0,None,0,30,0,0,Overconfident
784,Dennis Huffman,2024-08-22,History,11.10474787907274,1,None,1,30,0,15,Nervous
785,Margaret Harper,2024-12-03,Math,88.4082020581171,0,None,1,120,0,0,Overconfident
786,Laurie Bailey,2024-05-04,Chemistry,84.39554102138628,0,None,0,30,0,0,Overconfident
787,Lisa Cervantes,2024-06-21,English,2.224182744136105,1,None,1,90,0,0,Nervous
788,Elizabeth Mendez,2024-08-21,Physics,22.68516413289695,0,None,1,90,0,18,Nervous
789,Cesar Wilson,2024-04-29,Chemistry,36.88734972182485,0,None,0,90,0,0,Overconfident
790,Clayton Steele,2024-08-09,Physics,43.27370413881745,1,None,0,30,0,0,Nervous
791,Jennifer Taylor,2024-08-02,Biology,76.43511710457499,0,None,1,60,0,10,Nervous
792,Cody Reid,2024-05-21,Physics,41.01094692384084,1,None,1,120,0,0,Overconfident
793,Maria Cooke,2024-05-03,History,16.866993716845368,1,None,0,30,0,0,Overconfident
794,Katherine Taylor,2024-06-13,English,46.97598798477844,0,None,1,90,0,0,Distracted
795,Jerry Brown,2024-01-10,Biology,77.35034230508577,0,None,0,90,0,0,Calm
796,Adam Taylor,2024-04-08,Physics,94.92225045936407,0,None,1,60,0,5,Calm
797,Tracey Wagner,2024-03-30,Physics,38.279488337766686,1,None,1,120,0,0,Overconfident
798,Michael Perry PhD,2024-10-05,Physics,31.798686888652327,0,None,1,90,0,0,Distracted
799,Bradley Johnson DDS,2024-06-16,Chemistry,4.752915382672073,0,None,1,30,0,0,Nervous
800,Donald Medina,2024-11-11,Biology,52.482689444205036,0,None,1,120,0,0,Distracted
801,Jim Newton,2024-02-27,Chemistry,89.1322293945134,0,None,1,120,0,0,Nervous
802,Krista Wilson,2024-10-03,English,35.732651352153056,0,None,1,90,0,0,Calm
803,Reginald Morrow,2024-11-25,Biology,6.156660294006366,0,None,1,120,0,0,Distracted
804,Rodney Williams,2024-06-26,English,68.37197665894675,0,None,0,60,0,0,Nervous
805,Kimberly Fritz,2024-05-19,Chemistry,13.058862550419171,0,None,0,120,1,0,Distracted
806,Ronald Potter,2024-04-29,Math,11.382574996972462,1,None,0,60,0,0,Nervous
807,Zachary Cole,2024-07-28,Math,97.21473988960648,1,None,1,90,0,0,Distracted
808,Robert Gonzales,2024-03-13,English,57.84853403303079,0,None,1,120,0,0,Calm
809,Patricia Young PhD,2024-08-18,Physics,74.29183061980086,0,None,0,30,0,16,Overconfident
810,Heather Page,2024-11-12,Biology,73.44378346808439,0,None,0,30,0,16,Nervous
811,Carol Taylor,2024-11-18,History,76.64528271467702,0,None,0,90,0,0,Calm
812,Daniel Brown,2024-02-29,Math,22.328097570462436,0,None,1,60,0,0,Calm
813,Douglas Ryan,2024-07-24,English,34.272431307199945,0,None,1,90,0,0,Calm
814,Michael Roberts,2024-04-14,Physics,12.482630792017247,1,None,1,120,0,5,Distracted
815,Scott Duke,2024-11-28,Math,1.1179278739266052,0,Using notes,1,120,0,0,Calm
816,Anna Estes,2024-02-05,History,72.03783993296841,0,None,1,90,0,0,Distracted
817,Tamara Riddle,2024-02-05,Math,94.45559564571049,1,None,1,120,0,13,Nervous
818,Beth Cline,2024-01-15,History,23.561351946893694,1,None,0,120,0,0,Nervous
819,Michael Poole,2024-07-12,Chemistry,93.24199872576811,0,None,1,120,0,12,Overconfident
820,Megan Burns,2024-01-20,Chemistry,52.63199887066985,0,None,1,120,0,8,Nervous
821,Debra Perry,2024-08-08,English,88.88823515517194,0,None,0,120,0,1,Distracted
822,Mark Beard,2024-06-05,History,64.02273679963598,0,None,1,120,0,0,Distracted
823,Jose Ramirez,2024-08-11,History,87.21092839602535,1,None,0,30,1,0,Overconfident
824,Jackie Clements,2024-12-05,Biology,93.46055507504592,0,None,0,60,0,0,Nervous
825,Aaron Schroeder,2024-07-28,Math,26.017949379182948,0,None,0,120,0,17,Calm
826,Monica Ellis,2024-07-25,Physics,83.52959309896755,0,Copying from neighbor,1,120,0,0,Distracted
827,Heather Brown,2025-01-08,English,56.74972128821756,0,None,1,90,0,0,Calm
828,Claudia Jordan,2024-06-29,History,63.050442037087976,0,None,1,30,0,0,Overconfident
829,Derrick Clayton,2024-10-18,Biology,50.28316620385828,0,None,0,90,0,3,Overconfident
830,Kenneth Knight,2024-05-21,History,88.49408324229027,0,None,0,90,0,0,Overconfident
831,Mr. Michael Williams,2024-03-30,History,73.49265681116145,0,None,1,60,0,0,Distracted
832,Richard Stevens,2024-10-17,Biology,33.22911068170606,0,None,1,30,0,8,Overconfident
833,Scott Alexander,2024-10-03,English,75.54570608730782,1,None,0,60,0,0,Nervous
834,Tyler Harris,2024-04-24,Chemistry,45.98217476412576,0,None,1,90,0,1,Overconfident
835,Bonnie Santos,2024-06-27,History,32.79495682233925,0,None,0,90,0,0,Nervous
836,Timothy Hill,2024-07-13,Physics,48.60919386839677,0,None,0,120,0,0,Calm
837,Danielle Watson,2024-06-02,Biology,49.4497633442462,0,None,1,60,0,4,Distracted
838,Carol Sanders,2024-07-10,Biology,80.9972749046799,0,None,0,60,0,0,Calm
839,Michael Young,2024-09-07,History,52.10116019430756,0,None,1,90,0,11,Distracted
840,Michele Smith,2024-11-14,Chemistry,18.844502358418623,0,None,0,90,0,0,Distracted
841,Casey Perez,2024-10-30,Math,99.11155594110124,0,None,0,60,0,19,Calm
842,Alexandra Dominguez,2024-08-20,Biology,23.427011987470102,0,None,0,30,0,0,Overconfident
843,Virginia Henderson,2024-03-09,Physics,44.97528781052169,0,None,0,30,0,0,Calm
844,Benjamin Reyes,2024-07-15,Biology,15.140738778741813,1,None,0,90,0,13,Distracted
845,Ashley Edwards,2024-06-20,History,37.16747286395512,0,None,0,30,0,11,Overconfident
846,Breanna Ayala,2024-03-14,Math,34.81382564696883,0,None,0,30,0,0,Nervous
847,Brandi Haney,2024-12-21,History,31.582061039954766,1,Mobile phone,1,60,0,12,Nervous
848,Joseph Smith,2024-09-06,History,24.682575016476992,0,None,0,60,0,0,Distracted
849,Jessica Bowen,2024-12-28,Chemistry,70.93016323909953,0,None,1,120,0,4,Distracted
850,Brittany Jenkins,2024-10-04,Chemistry,87.72727527852679,0,None,0,60,1,0,Nervous
851,Shannon Miller,2024-07-03,History,9.136627660982732,0,None,0,30,0,0,Distracted
852,Paul Lawrence,2024-05-19,Physics,38.25451819973351,0,None,1,90,0,0,Distracted
853,Victor Edwards,2024-03-29,Biology,84.97140729401644,1,None,1,120,0,0,Overconfident
854,Donald Miller,2024-07-05,Physics,90.56812602313093,0,None,1,60,1,8,Distracted
855,Lindsay Lawson,2024-02-01,English,56.662319800340796,0,None,1,30,0,0,Overconfident
856,Melissa Abbott,2024-05-23,English,70.97599873245069,1,None,0,30,0,0,Nervous
857,Elizabeth Holmes,2024-01-24,Math,99.78371109060973,0,None,0,30,0,0,Distracted
858,Nicole Phillips,2024-03-24,Chemistry,19.30661133743857,0,None,1,90,0,0,Calm
859,Steven Blevins,2024-12-06,Biology,40.975328177378444,0,None,1,30,0,8,Calm
860,Brian Porter MD,2024-05-20,History,12.200249204367541,0,None,1,60,0,9,Distracted
861,Vanessa Hatfield,2024-06-28,Biology,67.12035260000808,0,None,0,120,0,0,Distracted
862,Bonnie Valencia,2024-06-23,Physics,57.5921090649331,0,None,0,90,0,1,Nervous
863,Holly Vega,2024-01-25,Biology,20.778939653452035,0,None,1,30,0,2,Overconfident
864,Tiffany Townsend,2025-01-01,History,93.55012668959553,0,None,1,90,0,9,Calm
865,Austin Baker,2024-05-06,Chemistry,24.599717678774812,0,None,0,60,0,0,Distracted
866,Antonio Mccormick,2024-09-22,Physics,39.60267096707468,1,None,0,90,0,2,Distracted
867,Lori Mason,2024-07-17,English,75.343008129944,0,None,1,30,0,14,Overconfident
868,Michael Miller,2024-11-07,Chemistry,20.3189787374749,0,None,1,90,0,2,Calm
869,Lisa Ramirez,2024-11-09,Physics,81.26204111274262,0,None,0,30,1,10,Calm
870,Jorge Harris,2024-04-14,History,30.372256937214402,0,None,0,120,0,0,Nervous
871,Kimberly Myers,2024-07-26,Math,66.43226996275287,1,None,1,60,0,0,Distracted
872,Sandra Becker,2024-03-12,History,79.06616772341178,0,None,0,90,0,12,Overconfident
873,Michael Blair,2024-09-04,Biology,57.30975064519682,0,None,0,60,0,8,Nervous
874,Amy Miller,2024-05-21,History,40.19661215189405,0,None,1,60,0,9,Calm
875,Jesse Lynch,2024-09-04,Physics,2.945836627992182,0,None,1,120,0,4,Overconfident
876,Patrick Yang,2024-11-09,Math,3.294487947607627,0,None,0,60,1,14,Nervous
877,Michael Miles,2024-07-16,English,89.68401446541367,0,None,1,90,0,0,Distracted
878,Troy Mills,2024-05-25,History,94.08566367496279,0,None,1,60,0,0,Calm
879,Michelle Jackson,2024-12-06,Chemistry,87.39704090352289,0,None,1,60,0,1,Distracted
880,Richard Adams,2024-07-15,Physics,30.18692572861883,0,None,1,60,0,2,Overconfident
881,Patricia Johnson,2024-05-17,Chemistry,39.05470554209624,1,None,1,90,0,0,Distracted
882,Denise Brown,2024-11-21,English,25.247247960339614,0,None,0,60,1,0,Nervous
883,Laura Jones,2024-07-05,History,28.869341359467672,1,None,0,30,0,0,Calm
884,Ian Porter,2024-07-03,Math,63.02402079502326,0,None,0,60,0,0,Distracted
885,Holly Scott,2024-08-17,English,70.33587920570116,0,None,1,90,0,2,Overconfident
886,Kenneth Sharp,2024-07-10,Biology,67.46481494243542,1,None,1,60,1,0,Distracted
887,Jordan Williams,2024-02-28,Chemistry,36.77348959368155,0,None,0,120,0,12,Overconfident
888,Dana Ruiz,2024-03-09,Physics,86.36596591252793,0,None,0,60,0,1,Distracted
889,Chris Velazquez,2024-02-06,Math,35.68702707929601,0,None,1,60,0,0,Calm
890,Kristen Sloan,2024-08-31,Chemistry,85.00491359498896,0,None,1,60,0,1,Calm
891,Jennifer Morris,2024-03-26,Physics,4.818723231398792,0,None,0,30,0,0,Calm
892,Nathan Nelson,2024-03-17,English,98.82614711197743,1,None,0,90,0,16,Calm
893,Jake Shaw,2024-05-20,History,44.77489518393681,0,None,0,90,0,0,Overconfident
894,Cassie Brock,2024-09-27,Biology,71.12877414785878,0,None,1,90,0,2,Nervous
895,Dr. Andrea Marshall,2024-02-21,English,86.21170484939668,0,None,1,30,0,0,Distracted
896,Ryan Murphy,2024-04-02,English,43.37932428695937,0,None,0,90,0,0,Distracted
897,Aimee Gonzalez,2024-10-31,Chemistry,40.917766998887586,0,None,1,90,0,0,Nervous
898,Elizabeth Dean,2024-09-28,Biology,87.44636157619271,0,None,0,120,0,0,Calm
899,Kevin Snyder,2024-07-03,English,99.2385411212227,1,None,0,90,0,0,Nervous
900,Christie Mccullough,2024-07-02,Math,30.28274557323516,0,None,0,30,0,0,Distracted
901,Danielle Smith,2024-03-26,English,95.92707416460188,1,None,0,30,0,9,Calm
902,David Reed,2024-03-08,English,20.383264750689623,0,None,0,60,1,0,Overconfident
903,Sherry Tapia,2024-11-09,English,29.306098595498487,1,None,1,120,0,0,Distracted
904,Matthew Sweeney,2024-01-17,Physics,84.46239087600557,0,None,1,30,0,3,Nervous
905,Ashley Moreno,2024-01-24,Biology,93.45216959446041,0,None,0,120,0,8,Overconfident
906,Johnathan Brown,2024-08-05,History,95.24930278306937,0,None,0,30,0,17,Distracted
907,Michelle Davis DVM,2024-03-07,Chemistry,68.49591331217496,0,None,0,60,0,0,Distracted
908,Kelly Haynes,2024-08-26,Biology,28.18894478841577,0,None,0,90,0,13,Calm
909,William Miller,2024-01-23,Biology,80.40801480630472,0,None,1,30,0,0,Calm
910,Casey Wilkins,2024-08-05,Biology,4.49460934671052,0,None,0,30,0,8,Distracted
911,Keith Graham,2024-01-29,Math,1.4241922549183217,0,None,0,60,0,0,Distracted
912,Cynthia Green,2024-04-12,Biology,64.98406608578075,0,None,0,90,0,9,Overconfident
913,Robert Haynes,2024-03-14,Math,38.57798420567985,0,None,1,60,0,0,Overconfident
914,Emily Nelson,2024-12-24,Biology,28.7950904573531,1,None,1,30,0,0,Calm
915,Dale Chan,2024-08-15,History,97.64405248069563,0,None,1,90,0,0,Distracted
916,Brittney Martin,2024-08-02,Biology,65.63640780231972,0,None,0,120,0,14,Overconfident
917,Jason Herrera,2024-01-15,Biology,69.3926371029713,0,Whispering,1,90,0,0,Calm
918,Christine Parker,2024-09-28,Biology,46.51332491376764,0,None,1,120,0,0,Nervous
919,Bryan Moore,2024-09-07,English,82.09511198467102,1,None,1,60,0,4,Calm
920,Samantha Terry,2024-04-21,History,28.17405825280811,0,None,1,60,0,0,Distracted
921,Russell Murphy,2024-02-09,English,92.42584812094088,0,None,0,120,0,15,Calm
922,David Kelly,2024-06-21,English,59.324264067323625,1,None,0,30,0,0,Calm
923,Megan Green,2025-01-06,English,87.22793177676336,0,None,0,90,0,11,Nervous
924,Amanda Sullivan MD,2024-11-21,Chemistry,70.0957829630359,1,None,1,60,0,0,Calm
925,Danielle Murray,2024-03-11,History,27.95351355667005,0,None,0,90,0,13,Overconfident
926,Brenda Smith,2024-11-07,Biology,67.87226896048836,0,None,0,30,0,15,Nervous
927,Vickie Anderson,2024-08-15,Physics,72.52234934388521,0,None,0,60,0,7,Distracted
928,Jacqueline Mccoy,2024-10-25,Biology,65.84426496318024,0,None,0,90,0,0,Overconfident
929,Lauren Green,2024-11-04,History,66.30022371672169,0,Copying from neighbor,1,90,0,11,Calm
930,Alison Brown,2024-03-15,Chemistry,98.1182208285265,0,None,1,90,0,0,Distracted
931,Jill Anderson,2024-09-06,Chemistry,30.08827282278431,0,None,0,120,0,0,Nervous
932,Sandra Rivera,2024-04-14,History,30.26019939354938,0,None,0,90,0,0,Overconfident
933,Joel Jackson,2024-09-30,Math,58.44126876775418,1,None,0,30,0,0,Overconfident
934,Samantha Foster,2024-05-13,Chemistry,48.632094887925746,0,None,1,60,0,0,Nervous
935,Michael Thompson,2024-06-22,Math,38.16036621445726,0,None,1,120,0,13,Distracted
936,Cody Ramirez,2024-08-12,Physics,70.61236974237042,0,None,1,120,0,17,Calm
937,Amanda Harvey,2024-04-02,Biology,99.14652032584424,0,None,0,90,0,0,Calm
938,Edward Jenkins,2024-05-29,Math,58.388337987739234,1,None,1,90,0,0,Overconfident
939,Amy Ramirez,2024-02-17,History,9.793905902888023,1,None,1,90,0,0,Nervous
940,Curtis Wilkerson,2024-03-23,History,32.31451832195514,0,None,1,120,0,19,Calm
941,Lydia Pham,2024-11-18,Math,53.8450523542097,0,None,0,90,0,3,Distracted
942,Virginia Casey,2024-07-11,Physics,20.13140642062433,0,None,0,120,0,0,Distracted
943,Joshua Washington,2024-06-10,Biology,35.167005589690824,0,None,0,30,0,2,Calm
944,Kathryn Price,2024-03-03,History,29.763937063666756,0,None,0,90,0,1,Nervous
945,Francis Robinson,2024-02-13,Physics,54.25342655136782,0,None,0,90,0,11,Calm
946,Paula Brown,2024-07-01,History,23.772722803468092,0,None,0,120,1,2,Distracted
947,Kendra Wang DVM,2024-08-20,Physics,46.54212720625459,0,None,0,120,0,0,Nervous
948,Ariel Sandoval,2024-01-23,Math,14.824267849098849,0,None,0,30,0,13,Nervous
949,Robert Stark,2024-10-21,Biology,60.503777323914356,0,Copying from neighbor,0,90,0,14,Nervous
950,Zachary Robinson,2024-07-11,English,56.84820449439787,1,None,0,60,0,9,Nervous
951,Rebecca Kelly,2024-02-21,History,42.35989873016405,0,None,0,90,0,0,Nervous
952,Sarah Thompson,2024-07-03,Chemistry,84.50186578214348,0,None,0,30,0,17,Calm
953,Renee Wolfe,2024-02-25,Math,60.98598475875154,0,None,0,90,0,0,Overconfident
954,Alyssa Haynes,2024-08-16,Biology,21.258350318703755,0,None,1,120,0,11,Distracted
955,Kristy Hart,2024-11-06,Chemistry,35.4560667679516,1,None,1,60,0,0,Calm
956,William Keith,2024-12-02,Biology,67.86782752267106,1,None,1,30,0,10,Calm
957,Eric Henry Jr.,2024-10-18,English,39.650492502082514,0,None,1,60,0,0,Overconfident
958,Daniel Fox,2024-09-02,Chemistry,4.095625661101476,0,None,0,120,0,0,Calm
959,Thomas Harris,2024-07-18,History,37.038846558419635,0,None,1,30,0,0,Calm
960,Mitchell Sellers,2024-05-23,History,6.063660330723097,0,None,1,90,0,11,Nervous
961,Erica Johnson,2024-01-24,Chemistry,7.3387233568486865,0,None,1,60,0,0,Distracted
962,Sylvia Schroeder,2024-07-20,English,33.55396921350034,1,None,1,90,0,3,Overconfident
963,Shannon Yu,2024-04-01,Chemistry,71.85542958723545,0,None,0,30,0,11,Nervous
964,Tom Foster,2024-10-28,Physics,49.58365979385865,0,None,1,30,1,0,Nervous
965,Eric Taylor,2024-10-23,Math,59.48887504546487,0,None,0,60,0,11,Overconfident
966,Travis Conner,2024-05-27,Math,50.757627498514864,0,None,0,120,0,5,Overconfident
967,Marie Thompson,2024-08-11,Chemistry,69.69261686284828,0,None,1,90,0,0,Overconfident
968,Melissa Mcfarland,2024-10-06,Chemistry,69.35405019528628,0,None,1,60,0,11,Calm
969,Courtney Chapman,2024-10-13,English,17.812175924967597,0,None,1,120,0,0,Nervous
970,Eric Barker,2024-09-19,Physics,88.33265212172296,1,None,1,60,0,0,Distracted
971,Nicholas Rush,2024-02-13,Biology,82.53815659857474,0,None,1,60,0,13,Distracted
972,Jenna Gamble,2024-02-27,Physics,89.89955095701409,0,None,0,90,0,2,Calm
973,Amanda Guzman,2024-07-01,Biology,57.90243264653602,0,None,1,30,0,0,Nervous
974,Tracy Walker,2024-04-03,English,61.12059073850966,0,None,0,30,0,10,Calm
975,Taylor Taylor,2024-11-18,Biology,15.674863231246883,0,None,1,30,0,9,Nervous
976,Cynthia Haas,2024-04-21,Math,32.168332555925886,0,None,0,60,0,19,Nervous
977,Stephen Davis,2024-11-24,Biology,32.75754483109053,0,None,0,30,0,17,Nervous
978,Margaret Tanner,2024-06-06,Physics,59.20317440781191,0,None,1,30,0,0,Nervous
979,Derek Wright,2024-03-18,Physics,92.26039589902918,0,Using notes,0,30,0,5,Distracted
980,David Rodriguez,2024-09-24,Chemistry,79.50425881656653,0,None,0,60,0,0,Distracted
981,James Oconnor,2024-10-23,Biology,48.55901367419381,1,None,0,90,0,19,Calm
982,Stacey Snyder,2024-08-07,Chemistry,23.616315239125342,0,None,1,30,0,9,Calm
983,Joshua Garcia,2024-02-21,Math,55.280139021860876,1,None,1,30,1,10,Nervous
984,Sean Curtis,2024-01-11,Physics,84.43714550215678,0,None,1,30,0,7,Overconfident
985,Carla Jones,2024-09-04,Chemistry,80.6746097896602,0,None,0,60,0,15,Distracted
986,Elizabeth Flores,2024-09-16,Physics,95.08816918095692,0,None,1,90,0,1,Nervous
987,Angela Jackson,2024-05-03,History,62.029249389157314,0,None,1,30,0,0,Distracted
988,Nicholas Payne,2024-05-20,Math,20.226714228173705,0,None,1,60,0,0,Distracted
989,Anna Wheeler,2024-03-05,Math,56.701080942059875,0,None,1,60,0,0,Calm
990,Karen Johnson,2024-09-03,Physics,53.84704191559463,0,None,0,90,0,6,Distracted
991,Carmen Preston,2024-04-10,History,92.20610245166701,0,None,1,90,0,0,Overconfident
992,Brian Harris,2024-11-16,Math,62.46461180035784,0,None,1,60,0,10,Calm
993,Michael Bowen,2024-06-12,Physics,46.48146599995373,0,None,0,120,1,18,Distracted
994,Deborah Campbell,2024-05-21,Biology,72.53795167684558,0,None,0,60,0,0,Nervous
995,Anthony Armstrong,2024-04-18,Biology,70.13301312471157,0,None,1,30,0,0,Distracted
996,Brittany Ward,2024-09-14,Physics,17.743191922261726,0,None,1,60,0,6,Nervous
997,Edward Stanley,2024-10-11,Math,89.56632113430274,0,None,0,60,0,16,Distracted
998,Christina Johnson,2024-06-08,Math,52.590419784750054,0,None,0,120,0,0,Calm
999,Edgar Miller,2024-10-21,English,56.75899288012269,0,None,1,120,0,9,Nervous
1000,Elizabeth Sanders,2024-07-03,Physics,60.312874423272454,1,None,0,60,0,1,Distracted
